season,season_type,full_player_name,abbr_player_name,team,position,gsis_id
2019,reg,A.J. Brown,A.Brown,TEN,WR,00-0035676
2019,reg,Aaron Jones,A.Jones,GB,RB,00-0033293
2019,reg,Aaron Rodgers,A.Rodgers,GB,QB,00-0023459
2019,reg,Adam Humphries,A.Humphries,TEN,WR,00-0032009
2019,reg,Adam Shaheen,A.Shaheen,CHI,TE,00-0033896
2019,reg,Adam Thielen,A.Thielen,MIN,WR,00-0030035
2019,reg,Adrian Peterson,A.Peterson,WAS,RB,00-0025394
2019,reg,Albert Wilson,A.Wilson,MIA,WR,00-0030669
2019,reg,Alex Armah,A.Armah,CAR,FB,00-0033296
2019,reg,Alex Erickson,A.Erickson,CIN,WR,00-0032543
2019,reg,Alexander Mattison,A.Mattison,MIN,RB,00-0034972
2019,reg,Allen Hurns,A.Hurns,MIA,WR,00-0030821
2019,reg,Allen Robinson,A.Robinson,CHI,WR,00-0031428
2019,reg,Alshon Jeffery,A.Jeffery,PHI,WR,00-0029137
2019,reg,Alvin Kamara,A.Kamara,NO,RB,00-0033906
2019,reg,Amari Cooper,A.Cooper,DAL,WR,00-0031544
2019,reg,Ameer Abdullah,A.Abdullah,MIN,RB,00-0032104
2019,reg,Andy Dalton,A.Dalton,CIN,QB,00-0027973
2019,reg,Anthony Miller,A.Miller,CHI,WR,00-0034353
2019,reg,Antonio Brown,A.Brown,NE,WR,00-0027793
2019,reg,Auden Tate,A.Tate,CIN,WR,00-0034686
2019,reg,Austin Ekeler,A.Ekeler,LAC,RB,00-0033699
2019,reg,Austin Hooper,A.Hooper,ATL,TE,00-0032392
2019,reg,Baker Mayfield,B.Mayfield,CLE,QB,00-0034855
2019,reg,Ben Braunecker,B.Braunecker,CHI,TE,00-0032661
2019,reg,Ben Roethlisberger,B.Roethlisberger,PIT,QB,00-0022924
2019,reg,Bennie Fowler,B.Fowler,NYG,WR,00-0030670
2019,reg,Benny Snell,B.Snell,PIT,RB,00-0035217
2019,reg,Blake Bell,B.Bell,KC,TE,00-0032062
2019,reg,Blake Jarwin,B.Jarwin,DAL,TE,00-0033658
2019,reg,Bobo Wilson,B.Wilson,TB,WR,00-0033434
2019,reg,Brandin Cooks,B.Cooks,LA,WR,00-0031236
2019,reg,Brandon Bolden,B.Bolden,NE,RB,00-0029239
2019,reg,Breshad Perriman,B.Perriman,TB,WR,00-0032054
2019,reg,C.J. Anderson,C.Anderson,DET,RB,00-0029854
2019,reg,C.J. Prosise,C.Prosise,SEA,RB,00-0032393
2019,reg,C.J. Uzomah,C.Uzomah,CIN,TE,00-0032134
2019,reg,Calvin Ridley,C.Ridley,ATL,WR,00-0034837
2019,reg,Cam Newton,C.Newton,CAR,QB,00-0027939
2019,reg,Cameron Brate,C.Brate,TB,TE,00-0031273
2019,reg,Carlos Hyde,C.Hyde,HOU,RB,00-0031045
2019,reg,Carson Wentz,C.Wentz,PHI,QB,00-0032950
2019,reg,Case Keenum,C.Keenum,WAS,QB,00-0028986
2019,reg,Chad Beebe,C.Beebe,MIN,WR,00-0034309
2019,reg,Charles Clay,C.Clay,ARI,TE,00-0028112
2019,reg,Chase Edmonds,C.Edmonds,ARI,RB,00-0034681
2019,reg,Chester Rogers,C.Rogers,IND,WR,00-0032355
2019,reg,Chris Carson,C.Carson,SEA,RB,00-0033594
2019,reg,Chris Conley,C.Conley,JAX,WR,00-0032128
2019,reg,Chris Godwin,C.Godwin,TB,WR,00-0033921
2019,reg,Chris Hogan,C.Hogan,CAR,WR,00-0028237
2019,reg,Chris Thompson,C.Thompson,WAS,RB,00-0030404
2019,reg,Christian Kirk,C.Kirk,ARI,WR,00-0034775
2019,reg,Christian McCaffrey,C.McCaffrey,CAR,RB,00-0033280
2019,reg,Cody Core,C.Core,NYG,WR,00-0032795
2019,reg,Cody Latimer,C.Latimer,NYG,WR,00-0031344
2019,reg,Cole Beasley,C.Beasley,BUF,WR,00-0029000
2019,reg,Cooper Kupp,C.Kupp,LA,WR,00-0033908
2019,reg,Cordarrelle Patterson,C.Patterson,CHI,WR,00-0030578
2019,reg,Corey Davis,C.Davis,TEN,WR,00-0033871
2019,reg,Courtland Sutton,C.Sutton,DEN,WR,00-0034348
2019,reg,Curtis Samuel,C.Samuel,CAR,WR,00-0033282
2019,reg,D.J. Chark,D.Chark,JAX,WR,00-0034777
2019,reg,D.J. Moore,D.Moore,CAR,WR,00-0034827
2019,reg,D.K. Metcalf,D.Metcalf,SEA,WR,00-0035640
2019,reg,D'Ernest Johnson,D.Johnson,CLE,RB,00-0035628
2019,reg,DaeSean Hamilton,D.Hamilton,DEN,WR,00-0034370
2019,reg,Dak Prescott,D.Prescott,DAL,QB,00-0033077
2019,reg,Dallas Goedert,D.Goedert,PHI,TE,00-0034351
2019,reg,Dalvin Cook,D.Cook,MIN,RB,00-0033893
2019,reg,Damien Williams,D.Williams,KC,RB,00-0030874
2019,reg,Damiere Byrd,D.Byrd,ARI,WR,00-0031868
2019,reg,Damion Ratley,D.Ratley,CLE,WR,00-0034273
2019,reg,Damion Willis,D.Willis,CIN,WR,00-0035401
2019,reg,Daniel Jones,D.Jones,NYG,QB,00-0035710
2019,reg,Danny Amendola,D.Amendola,DET,WR,00-0026035
2019,reg,Dante Pettis,D.Pettis,SF,WR,00-0034860
2019,reg,Darius Jennings,D.Jennings,TEN,WR,00-0031972
2019,reg,Darrell Henderson,D.Henderson,LA,RB,00-0035664
2019,reg,Darren Fells,D.Fells,HOU,TE,00-0029738
2019,reg,Darren Sproles,D.Sproles,PHI,RB,00-0023564
2019,reg,Darren Waller,D.Waller,OAK,TE,00-0031610
2019,reg,Darwin Thompson,D.Thompson,KC,RB,00-0035148
2019,reg,Davante Adams,D.Adams,GB,WR,00-0031381
2019,reg,David Johnson,D.Johnson,ARI,RB,00-0032187
2019,reg,David Montgomery,D.Montgomery,CHI,RB,00-0035685
2019,reg,David Njoku,D.Njoku,CLE,TE,00-0033885
2019,reg,Dawson Knox,D.Knox,BUF,TE,00-0035689
2019,reg,De'Anthony Thomas,D.Thomas,KC,WR,00-0031060
2019,reg,DeAndre Carter,D.Carter,HOU,WR,00-0031763
2019,reg,DeAndre Hopkins,D.Hopkins,HOU,WR,00-0030564
2019,reg,DeAndre Washington,D.Washington,OAK,RB,00-0032940
2019,reg,Dede Westbrook,D.Westbrook,JAX,WR,00-0033839
2019,reg,Deebo Samuel,D.Samuel,SF,WR,00-0035719
2019,reg,Delanie Walker,D.Walker,TEN,TE,00-0024389
2019,reg,Demarcus Robinson,D.Robinson,KC,WR,00-0032775
2019,reg,Demaryius Thomas,D.Thomas,NYJ,WR,00-0027874
2019,reg,Demetrius Harris,D.Harris,CLE,TE,00-0030155
2019,reg,Deon Cain,D.Cain,IND,WR,00-0034406
2019,reg,Deonte Harris,D.Harris,NO,WR,00-0035215
2019,reg,Derek Carr,D.Carr,OAK,QB,00-0031280
2019,reg,Derek Carrier,D.Carrier,OAK,TE,00-0029119
2019,reg,Derek Watt,D.Watt,LAC,FB,00-0032897
2019,reg,Derrick Henry,D.Henry,TEN,RB,00-0032764
2019,reg,Derrius Guice,D.Guice,WAS,RB,00-0034358
2019,reg,DeSean Jackson,D.Jackson,PHI,WR,00-0026189
2019,reg,Deshaun Watson,D.Watson,HOU,QB,00-0033537
2019,reg,DeVante Parker,D.Parker,MIA,WR,00-0031547
2019,reg,Devin Funchess,D.Funchess,IND,WR,00-0032055
2019,reg,Devin Singletary,D.Singletary,BUF,RB,00-0035250
2019,reg,Devin Smith,D.Smith,DAL,WR,00-0031934
2019,reg,Devonta Freeman,D.Freeman,ATL,RB,00-0031285
2019,reg,Dion Lewis,D.Lewis,TEN,RB,00-0028087
2019,reg,Diontae Johnson,D.Johnson,PIT,WR,00-0035216
2019,reg,Donte Moncrief,D.Moncrief,PIT,WR,00-0031339
2019,reg,Dontrell Hilliard,D.Hilliard,CLE,RB,00-0034253
2019,reg,Dontrelle Inman,D.Inman,LAC,WR,00-0028411
2019,reg,Drew Brees,D.Brees,NO,QB,00-0020531
2019,reg,Drew Sample,D.Sample,CIN,TE,00-0035631
2019,reg,Duke Johnson,D.Johnson,HOU,RB,00-0032257
2019,reg,Durham Smythe,D.Smythe,MIA,TE,00-0034798
2019,reg,Dwayne Harris,D.Harris,OAK,WR,00-0028114
2019,reg,Eli Manning,E.Manning,NYG,QB,00-0022803
2019,reg,Elijhaa Penny,E.Penny,NYG,RB,00-0032813
2019,reg,Emmanuel Sanders,E.Sanders,DEN,WR,00-0027685
2019,reg,Eric Ebron,E.Ebron,IND,TE,00-0031387
2019,reg,Evan Engram,E.Engram,NYG,TE,00-0033881
2019,reg,Ezekiel Elliott,E.Elliott,DAL,RB,00-0033045
2019,reg,Foster Moreau,F.Moreau,OAK,TE,00-0034981
2019,reg,Frank Gore,F.Gore,BUF,RB,00-0023500
2019,reg,Gardner Minshew,G.Minshew,JAX,QB,00-0035289
2019,reg,Geoff Swaim,G.Swaim,JAX,TE,00-0032141
2019,reg,George Kittle,G.Kittle,SF,TE,00-0033288
2019,reg,Gerald Everett,G.Everett,LA,TE,00-0033895
2019,reg,Geronimo Allison,G.Allison,GB,WR,00-0032626
2019,reg,Giovani Bernard,G.Bernard,CIN,RB,00-0030456
2019,reg,Greg Olsen,G.Olsen,CAR,TE,00-0025418
2019,reg,Gus Edwards,G.Edwards,BAL,RB,00-0034184
2019,reg,Hayden Hurst,H.Hurst,BAL,TE,00-0034830
2019,reg,Hunter Henry,H.Henry,LAC,TE,00-0033090
2019,reg,Hunter Renfrow,H.Renfrow,OAK,WR,00-0034983
2019,reg,Ian Thomas,I.Thomas,CAR,TE,00-0034365
2019,reg,Irv Smith,I.Smith,MIN,TE,00-0034970
2019,reg,Isaiah McKenzie,I.McKenzie,BUF,WR,00-0033466
2019,reg,Ito Smith,I.Smith,ATL,RB,00-0034378
2019,reg,J.D. McKissic,J.McKissic,DET,RB,00-0032602
2019,reg,J.J. Arcega-Whiteside,J.Arcega-Whiteside,PHI,WR,00-0035246
2019,reg,Jack Doyle,J.Doyle,IND,TE,00-0030181
2019,reg,Jacoby Brissett,J.Brissett,IND,QB,00-0033119
2019,reg,Jake Kumerow,J.Kumerow,GB,WR,00-0031787
2019,reg,Jakeem Grant,J.Grant,MIA,WR,00-0032791
2019,reg,Jakobi Meyers,J.Meyers,NE,WR,00-0034960
2019,reg,Jalen Richard,J.Richard,OAK,RB,00-0033025
2019,reg,Jamaal Williams,J.Williams,GB,RB,00-0033948
2019,reg,Jameis Winston,J.Winston,TB,QB,00-0031503
2019,reg,James Conner,J.Conner,PIT,RB,00-0033553
2019,reg,James Develin,J.Develin,NE,FB,00-0027925
2019,reg,James O'Shaughnessy,J.O'Shaughnessy,JAX,TE,00-0031951
2019,reg,James Washington,J.Washington,PIT,WR,00-0034676
2019,reg,James White,J.White,NE,RB,00-0031062
2019,reg,Jamison Crowder,J.Crowder,NYJ,WR,00-0031941
2019,reg,Jared Cook,J.Cook,NO,TE,00-0027061
2019,reg,Jared Goff,J.Goff,LA,QB,00-0033106
2019,reg,Jarius Wright,J.Wright,CAR,WR,00-0029572
2019,reg,Jarvis Landry,J.Landry,CLE,WR,00-0031382
2019,reg,Jason Witten,J.Witten,DAL,TE,00-0022127
2019,reg,Javon Wims,J.Wims,CHI,WR,00-0034426
2019,reg,Jaylen Samuels,J.Samuels,PIT,RB,00-0034331
2019,reg,Jeff Heuerman,J.Heuerman,DEN,TE,00-0032227
2019,reg,Jeff Wilson,J.Wilson,SF,RB,00-0034115
2019,reg,Jeremy Sprinkle,J.Sprinkle,WAS,TE,00-0033528
2019,reg,Jesse James,J.James,DET,TE,00-0032135
2019,reg,Jimmy Garoppolo,J.Garoppolo,SF,QB,00-0031345
2019,reg,Jimmy Graham,J.Graham,GB,TE,00-0027696
2019,reg,Joe Flacco,J.Flacco,DEN,QB,00-0026158
2019,reg,Joe Mixon,J.Mixon,CIN,RB,00-0033897
2019,reg,John Brown,J.Brown,BUF,WR,00-0031051
2019,reg,John Ross,J.Ross,CIN,WR,00-0033460
2019,reg,Johnny Holton,J.Holton,PIT,WR,00-0032935
2019,reg,Jonnu Smith,J.Smith,TEN,TE,00-0033858
2019,reg,Jordan Akins,J.Akins,HOU,TE,00-0034364
2019,reg,Jordan Howard,J.Howard,PHI,RB,00-0032780
2019,reg,Jordan Wilkins,J.Wilkins,IND,RB,00-0034400
2019,reg,Josh Allen,J.Allen,BUF,QB,00-0034857
2019,reg,Josh Bellamy,J.Bellamy,NYJ,WR,00-0029319
2019,reg,Josh Gordon,J.Gordon,NE,WR,00-0029664
2019,reg,Josh Hill,J.Hill,NO,TE,00-0030216
2019,reg,Josh Jacobs,J.Jacobs,OAK,RB,00-0035700
2019,reg,Josh McCown,J.McCown,PHI,QB,00-0021206
2019,reg,Josh Reynolds,J.Reynolds,LA,WR,00-0033943
2019,reg,Josh Rosen,J.Rosen,MIA,QB,00-0034343
2019,reg,JuJu Smith-Schuster,J.Smith-Schuster,PIT,WR,00-0033857
2019,reg,Julian Edelman,J.Edelman,NE,WR,00-0027150
2019,reg,Julio Jones,J.Jones,ATL,WR,00-0027944
2019,reg,Justice Hill,J.Hill,BAL,RB,00-0034975
2019,reg,Justin Hardy,J.Hardy,ATL,WR,00-0031570
2019,reg,Justin Jackson,J.Jackson,LAC,RB,00-0034440
2019,reg,Kalen Ballage,K.Ballage,MIA,RB,00-0034799
2019,reg,Keenan Allen,K.Allen,LAC,WR,00-0030279
2019,reg,KeeSean Johnson,K.Johnson,ARI,WR,00-0035287
2019,reg,Keke Coutee,K.Coutee,HOU,WR,00-0034366
2019,reg,Kelvin Harmon,K.Harmon,WAS,WR,00-0035297
2019,reg,Kendrick Bourne,K.Bourne,SF,WR,00-0033307
2019,reg,Kenny Golladay,K.Golladay,DET,WR,00-0033932
2019,reg,Kenny Stills,K.Stills,HOU,WR,00-0030085
2019,reg,Kenyan Drake,K.Drake,MIA,RB,00-0033118
2019,reg,Kerryon Johnson,K.Johnson,DET,RB,00-0034349
2019,reg,Kirk Cousins,K.Cousins,MIN,QB,00-0029604
2019,reg,Kyle Juszczyk,K.Juszczyk,SF,FB,00-0029892
2019,reg,Kyle Rudolph,K.Rudolph,MIN,TE,00-0027981
2019,reg,Kyler Murray,K.Murray,ARI,QB,00-0035228
2019,reg,Lamar Jackson,L.Jackson,BAL,QB,00-0034796
2019,reg,Larry Fitzgerald,L.Fitzgerald,ARI,WR,00-0022921
2019,reg,Latavius Murray,L.Murray,NO,RB,00-0030513
2019,reg,Le'Veon Bell,L.Bell,NYJ,RB,00-0030496
2019,reg,Lee Smith,L.Smith,BUF,TE,00-0028097
2019,reg,Leonard Fournette,L.Fournette,JAX,RB,00-0033856
2019,reg,LeSean McCoy,L.McCoy,KC,RB,00-0027029
2019,reg,Logan Thomas,L.Thomas,DET,TE,00-0031260
2019,reg,Luke Falk,L.Falk,NYJ,QB,00-0034412
2019,reg,Luke Stocker,L.Stocker,ATL,TE,00-0028042
2019,reg,Mack Hollins,M.Hollins,PHI,WR,00-0033555
2019,reg,Malcolm Brown,M.Brown,LA,RB,00-0031806
2019,reg,Malik Turner,M.Turner,SEA,WR,00-0034867
2019,reg,Marcedes Lewis,M.Lewis,GB,TE,00-0024243
2019,reg,Marcus Mariota,M.Mariota,TEN,QB,00-0032268
2019,reg,Mark Andrews,M.Andrews,BAL,TE,00-0034753
2019,reg,Mark Ingram,M.Ingram,BAL,RB,00-0027966
2019,reg,Mark Walton,M.Walton,MIA,RB,00-0034679
2019,reg,Marlon Mack,M.Mack,IND,RB,00-0033951
2019,reg,Marquez Valdes-Scantling,M.Valdes-Scantling,GB,WR,00-0034272
2019,reg,Marquise Brown,M.Brown,BAL,WR,00-0035662
2019,reg,Marquise Goodwin,M.Goodwin,SF,WR,00-0030068
2019,reg,Marvin Jones,M.Jones,DET,WR,00-0029293
2019,reg,Mason Rudolph,M.Rudolph,PIT,QB,00-0034771
2019,reg,Matt Breida,M.Breida,SF,RB,00-0033308
2019,reg,Matt LaCosse,M.LaCosse,NE,TE,00-0031744
2019,reg,Matt Moore,M.Moore,KC,QB,00-0025708
2019,reg,Matt Ryan,M.Ryan,ATL,QB,00-0026143
2019,reg,Matthew Stafford,M.Stafford,DET,QB,00-0026498
2019,reg,Maxx Williams,M.Williams,ARI,TE,00-0031558
2019,reg,Mecole Hardman,M.Hardman,KC,WR,00-0035140
2019,reg,Michael Crabtree,M.Crabtree,ARI,WR,00-0026986
2019,reg,Michael Gallup,M.Gallup,DAL,WR,00-0034764
2019,reg,Michael Thomas,M.Thomas,NO,WR,00-0032765
2019,reg,Mike Davis,M.Davis,CHI,RB,00-0032063
2019,reg,Mike Evans,M.Evans,TB,WR,00-0031408
2019,reg,Mike Gesicki,M.Gesicki,MIA,TE,00-0034829
2019,reg,Mike Williams,M.Williams,LAC,WR,00-0033536
2019,reg,Miles Boykin,M.Boykin,BAL,WR,00-0035703
2019,reg,Miles Sanders,M.Sanders,PHI,RB,00-0035243
2019,reg,Mitchell Trubisky,M.Trubisky,CHI,QB,00-0033869
2019,reg,Mo Alie-Cox,M.Alie-Cox,IND,TE,00-0033217
2019,reg,Mohamed Sanu,M.Sanu,ATL,WR,00-0029632
2019,reg,MyCole Pruitt,M.Pruitt,TEN,TE,00-0031585
2019,reg,Nelson Agholor,N.Agholor,PHI,WR,00-0031549
2019,reg,Nick Boyle,N.Boyle,BAL,TE,00-0031598
2019,reg,Nick Chubb,N.Chubb,CLE,RB,00-0034791
2019,reg,Nick Foles,N.Foles,JAX,QB,00-0029567
2019,reg,Nick O'Leary,N.O'Leary,MIA,TE,00-0032117
2019,reg,Nick Vannett,N.Vannett,SEA,TE,00-0032394
2019,reg,Noah Fant,N.Fant,DEN,TE,00-0035644
2019,reg,Nyheim Hines,N.Hines,IND,RB,00-0034367
2019,reg,O.J. Howard,O.Howard,TB,TE,00-0033879
2019,reg,Odell Beckham,O.Beckham,CLE,WR,00-0031235
2019,reg,Parris Campbell,P.Campbell,IND,WR,00-0035639
2019,reg,Patrick DiMarco,P.DiMarco,BUF,RB,00-0028581
2019,reg,Patrick Mahomes,P.Mahomes,KC,QB,00-0033873
2019,reg,Paul Richardson,P.Richardson,WAS,WR,00-0031257
2019,reg,Peyton Barber,P.Barber,TB,RB,00-0032741
2019,reg,Pharaoh Brown,P.Brown,CLE,TE,00-0033439
2019,reg,Philip Rivers,P.Rivers,LAC,QB,00-0022942
2019,reg,Phillip Dorsett,P.Dorsett,NE,WR,00-0032208
2019,reg,Phillip Lindsay,P.Lindsay,DEN,RB,00-0034109
2019,reg,Preston Williams,P.Williams,MIA,WR,00-0035350
2019,reg,Quincy Enunwa,Q.Enunwa,NYJ,WR,00-0031023
2019,reg,Raheem Mostert,R.Mostert,SF,RB,00-0031687
2019,reg,Randall Cobb,R.Cobb,DAL,WR,00-0028002
2019,reg,Rashaad Penny,R.Penny,SEA,RB,00-0034750
2019,reg,Rashard Higgins,R.Higgins,CLE,WR,00-0032977
2019,reg,Rex Burkhead,R.Burkhead,NE,RB,00-0030288
2019,reg,Rhett Ellison,R.Ellison,NYG,TE,00-0029587
2019,reg,Richie James,R.James,SF,WR,00-0034286
2019,reg,Robby Anderson,R.Anderson,NYJ,WR,00-0032688
2019,reg,Robert Foster,R.Foster,BUF,WR,00-0034510
2019,reg,Robert Griffin III,R.III,BAL,QB,00-0029665
2019,reg,Robert Tonyan,R.Tonyan,GB,TE,00-0033757
2019,reg,Robert Woods,R.Woods,LA,WR,00-0030431
2019,reg,Ronald Jones,R.Jones,TB,RB,00-0034816
2019,reg,Royce Freeman,R.Freeman,DEN,RB,00-0034838
2019,reg,Russell Gage,R.Gage,ATL,WR,00-0034411
2019,reg,Russell Shepard,R.Shepard,NYG,WR,00-0030147
2019,reg,Russell Wilson,R.Wilson,SEA,QB,00-0029263
2019,reg,Ryan Fitzpatrick,R.Fitzpatrick,MIA,QB,00-0023682
2019,reg,Ryan Grant,R.Grant,OAK,WR,00-0031068
2019,reg,Ryan Griffin,R.Griffin,NYJ,TE,00-0030108
2019,reg,Ryan Izzo,R.Izzo,NE,TE,00-0034439
2019,reg,Ryan Switzer,R.Switzer,PIT,WR,00-0033562
2019,reg,Ryquell Armstead,R.Armstead,JAX,RB,00-0035268
2019,reg,Sam Darnold,S.Darnold,NYJ,QB,00-0034869
2019,reg,Sammy Watkins,S.Watkins,KC,WR,00-0031325
2019,reg,Saquon Barkley,S.Barkley,NYG,RB,00-0034844
2019,reg,Seth Roberts,S.Roberts,BAL,WR,00-0031166
2019,reg,Sony Michel,S.Michel,NE,RB,00-0034845
2019,reg,Stefon Diggs,S.Diggs,MIN,WR,00-0031588
2019,reg,Sterling Shepard,S.Shepard,NYG,WR,00-0032385
2019,reg,Steven Sims,S.Sims,WAS,WR,00-0034928
2019,reg,T.J. Hockenson,T.Hockenson,DET,TE,00-0035229
2019,reg,T.J. Jones,T.Jones,NYG,WR,00-0031189
2019,reg,T.Y. Hilton,T.Hilton,IND,WR,00-0029608
2019,reg,Tajae Sharpe,T.Sharpe,TEN,WR,00-0032778
2019,reg,Tarik Cohen,T.Cohen,CHI,RB,00-0033556
2019,reg,Tavon Austin,T.Austin,DAL,WR,00-0030525
2019,reg,Taylor Gabriel,T.Gabriel,CHI,WR,00-0031228
2019,reg,Taywan Taylor,T.Taylor,CLE,WR,00-0033911
2019,reg,Ted Ginn,T.Ginn,NO,WR,00-0025396
2019,reg,Teddy Bridgewater,T.Bridgewater,NO,QB,00-0031237
2019,reg,Terry McLaurin,T.McLaurin,WAS,WR,00-0035659
2019,reg,Tevin Coleman,T.Coleman,SF,RB,00-0032058
2019,reg,Todd Gurley,T.Gurley,LA,RB,00-0032241
2019,reg,Tom Brady,T.Brady,NE,QB,00-0019596
2019,reg,Tommy Sweeney,T.Sweeney,BUF,TE,00-0035308
2019,reg,Tony Pollard,T.Pollard,DAL,RB,00-0035261
2019,reg,Travis Benjamin,T.Benjamin,LAC,WR,00-0029269
2019,reg,Travis Kelce,T.Kelce,KC,TE,00-0030506
2019,reg,Tre'Quan Smith,T.Smith,NO,WR,00-0034765
2019,reg,Trevor Davis,T.Davis,GB,WR,00-0032423
2019,reg,Trevor Siemian,T.Siemian,NYJ,QB,00-0032156
2019,reg,Trey Burton,T.Burton,CHI,TE,00-0030710
2019,reg,Trey Quinn,T.Quinn,WAS,WR,00-0034339
2019,reg,Troy Fumagalli,T.Fumagalli,DEN,TE,00-0034393
2019,reg,Ty Johnson,T.Johnson,DET,RB,00-0035537
2019,reg,Ty Montgomery,T.Montgomery,NYJ,RB,00-0032200
2019,reg,Tyler Boyd,T.Boyd,CIN,WR,00-0033009
2019,reg,Tyler Eifert,T.Eifert,CIN,TE,00-0030549
2019,reg,Tyler Higbee,T.Higbee,LA,TE,00-0033110
2019,reg,Tyler Lockett,T.Lockett,SEA,WR,00-0032211
2019,reg,Tyreek Hill,T.Hill,KC,WR,00-0033040
2019,reg,Tyrell Williams,T.Williams,OAK,WR,00-0032160
2019,reg,Vance McDonald,V.McDonald,PIT,TE,00-0030470
2019,reg,Vernon Davis,V.Davis,WAS,TE,00-0024221
2019,reg,Virgil Green,V.Green,LAC,TE,00-0028142
2019,reg,Wayne Gallman,W.Gallman,NYG,RB,00-0033950
2019,reg,Wendell Smallwood,W.Smallwood,WAS,RB,00-0032782
2019,reg,Will Dissly,W.Dissly,SEA,TE,00-0034159
2019,reg,Will Fuller,W.Fuller,HOU,WR,00-0033127
2019,reg,Willie Snead,W.Snead,BAL,WR,00-0030663
2019,reg,Xavier Grimble,X.Grimble,PIT,TE,00-0031035
2019,reg,Zach Ertz,Z.Ertz,PHI,TE,00-0030061
2019,reg,Zay Jones,Z.Jones,BUF,WR,00-0033891
2018,reg,A.J. Derby,A.Derby,MIA,TE,00-0031609
2018,reg,A.J. Green,A.Green,CIN,WR,00-0027942
2018,reg,Aaron Jones,A.Jones,GB,RB,00-0033293
2018,reg,Aaron Rodgers,A.Rodgers,GB,QB,00-0023459
2018,reg,Adam Humphries,A.Humphries,TB,WR,00-0032009
2018,reg,Adam Shaheen,A.Shaheen,CHI,TE,00-0033896
2018,reg,Adam Thielen,A.Thielen,MIN,WR,00-0030035
2018,reg,Adrian Peterson,A.Peterson,WAS,RB,00-0025394
2018,reg,AJ McCarron,A.McCarron,OAK,QB,00-0031288
2018,reg,Alan Cross,A.Cross,TB,TE,00-0032745
2018,reg,Albert Wilson,A.Wilson,MIA,WR,00-0030669
2018,reg,Aldrick Robinson,A.Robinson,MIN,WR,00-0028116
2018,reg,Alex Armah,A.Armah,CAR,FB,00-0033296
2018,reg,Alex Collins,A.Collins,BAL,RB,00-0032426
2018,reg,Alex Erickson,A.Erickson,CIN,WR,00-0032543
2018,reg,Alex Smith,A.Smith,WAS,QB,00-0023436
2018,reg,Alfred Blue,A.Blue,HOU,RB,00-0031075
2018,reg,Alfred Morris,A.Morris,SF,RB,00-0029141
2018,reg,Allen Hurns,A.Hurns,DAL,WR,00-0030821
2018,reg,Allen Lazard,A.Lazard,GB,WR,00-0034521
2018,reg,Allen Robinson,A.Robinson,CHI,WR,00-0031428
2018,reg,Alshon Jeffery,A.Jeffery,PHI,WR,00-0029137
2018,reg,Alvin Kamara,A.Kamara,NO,RB,00-0033906
2018,reg,Amari Cooper,A.Cooper,DAL,WR,00-0031544
2018,reg,Andre Holmes,A.Holmes,DEN,WR,00-0028263
2018,reg,Andre Roberts,A.Roberts,NYJ,WR,00-0027691
2018,reg,Andrew Luck,A.Luck,IND,QB,00-0029668
2018,reg,Andy Dalton,A.Dalton,CIN,QB,00-0027973
2018,reg,Andy Janovich,A.Janovich,DEN,FB,00-0032956
2018,reg,Andy Jones,A.Jones,DET,WR,00-0032707
2018,reg,Anthony Firkser,A.Firkser,TEN,TE,00-0033455
2018,reg,Anthony Miller,A.Miller,CHI,WR,00-0034353
2018,reg,Anthony Sherman,A.Sherman,KC,RB,00-0028074
2018,reg,Antonio Brown,A.Brown,PIT,WR,00-0027793
2018,reg,Antonio Callaway,A.Callaway,CLE,WR,00-0034772
2018,reg,Antonio Gates,A.Gates,LAC,TE,00-0021547
2018,reg,Antony Auclair,A.Auclair,TB,TE,00-0033421
2018,reg,Auden Tate,A.Tate,CIN,WR,00-0034686
2018,reg,Austin Carr,A.Carr,NO,WR,00-0033382
2018,reg,Austin Ekeler,A.Ekeler,LAC,RB,00-0033699
2018,reg,Austin Hooper,A.Hooper,ATL,TE,00-0032392
2018,reg,Austin Seferian-Jenkins,A.Seferian-Jenkins,JAX,TE,00-0031418
2018,reg,Baker Mayfield,B.Mayfield,CLE,QB,00-0034855
2018,reg,Ben Braunecker,B.Braunecker,CHI,TE,00-0032661
2018,reg,Ben Roethlisberger,B.Roethlisberger,PIT,QB,00-0022924
2018,reg,Benjamin Watson,B.Watson,NO,TE,00-0022943
2018,reg,Bennie Fowler,B.Fowler,NYG,WR,00-0030670
2018,reg,Benny Cunningham,B.Cunningham,CHI,RB,00-0029795
2018,reg,Bilal Powell,B.Powell,NYJ,RB,00-0028064
2018,reg,Blaine Gabbert,B.Gabbert,TEN,QB,00-0027948
2018,reg,Blake Bell,B.Bell,JAX,TE,00-0032062
2018,reg,Blake Bortles,B.Bortles,JAX,QB,00-0031407
2018,reg,Blake Jarwin,B.Jarwin,DAL,TE,00-0033658
2018,reg,Bobo Wilson,B.Wilson,TB,WR,00-0033434
2018,reg,Brandin Cooks,B.Cooks,LA,WR,00-0031236
2018,reg,Brandon Bolden,B.Bolden,MIA,RB,00-0029239
2018,reg,Brandon LaFell,B.LaFell,OAK,WR,00-0027681
2018,reg,Brandon Powell,B.Powell,DET,WR,00-0034646
2018,reg,Brandon Zylstra,B.Zylstra,MIN,WR,00-0034052
2018,reg,Breshad Perriman,B.Perriman,CLE,WR,00-0032054
2018,reg,Brian Hill,B.Hill,ATL,RB,00-0033567
2018,reg,Brian Hoyer,B.Hoyer,NE,QB,00-0026625
2018,reg,Brian Parker,B.Parker,DEN,TE,00-0032089
2018,reg,Brian Quick,B.Quick,WAS,WR,00-0029640
2018,reg,Brice Butler,B.Butler,MIA,WR,00-0030516
2018,reg,Brock Osweiler,B.Osweiler,MIA,QB,00-0029682
2018,reg,Bruce Ellington,B.Ellington,DET,WR,00-0031326
2018,reg,Byron Marshall,B.Marshall,WAS,RB,00-0032964
2018,reg,C.J. Anderson,C.Anderson,LA,RB,00-0029854
2018,reg,C.J. Beathard,C.Beathard,SF,QB,00-0033936
2018,reg,C.J. Ham,C.Ham,MIN,FB,00-0032918
2018,reg,C.J. Prosise,C.Prosise,SEA,RB,00-0032393
2018,reg,C.J. Uzomah,C.Uzomah,CIN,TE,00-0032134
2018,reg,Calvin Ridley,C.Ridley,ATL,WR,00-0034837
2018,reg,Cam Newton,C.Newton,CAR,QB,00-0027939
2018,reg,Cam Phillips,C.Phillips,BUF,WR,00-0034512
2018,reg,Cameron Artis-Payne,C.Artis-Payne,CAR,RB,00-0031599
2018,reg,Cameron Batson,C.Batson,TEN,WR,00-0034652
2018,reg,Cameron Brate,C.Brate,TB,TE,00-0031273
2018,reg,Cameron Meredith,C.Meredith,NO,WR,00-0031912
2018,reg,Carlos Hyde,C.Hyde,JAX,RB,00-0031045
2018,reg,Carson Wentz,C.Wentz,PHI,QB,00-0032950
2018,reg,Case Keenum,C.Keenum,DEN,QB,00-0028986
2018,reg,Chad Beebe,C.Beebe,MIN,WR,00-0034309
2018,reg,Chad Henne,C.Henne,KC,QB,00-0026197
2018,reg,Chad Williams,C.Williams,ARI,WR,00-0033933
2018,reg,Charcandrick West,C.West,KC,RB,00-0030668
2018,reg,Charles Clay,C.Clay,BUF,TE,00-0028112
2018,reg,Charone Peake,C.Peake,NYJ,WR,00-0032959
2018,reg,Chase Daniel,C.Daniel,CHI,QB,00-0026544
2018,reg,Chase Edmonds,C.Edmonds,ARI,RB,00-0034681
2018,reg,Chester Rogers,C.Rogers,IND,WR,00-0032355
2018,reg,Chris Carson,C.Carson,SEA,RB,00-0033594
2018,reg,Chris Conley,C.Conley,KC,WR,00-0032128
2018,reg,Chris Godwin,C.Godwin,TB,WR,00-0033921
2018,reg,Chris Herndon,C.Herndon,NYJ,TE,00-0034766
2018,reg,Chris Hogan,C.Hogan,NE,WR,00-0028237
2018,reg,Chris Ivory,C.Ivory,BUF,RB,00-0027531
2018,reg,Chris Lacy,C.Lacy,DET,WR,00-0034593
2018,reg,Chris Manhertz,C.Manhertz,CAR,TE,00-0031484
2018,reg,Chris Moore,C.Moore,BAL,WR,00-0032398
2018,reg,Chris Thompson,C.Thompson,WAS,RB,00-0030404
2018,reg,Christian Kirk,C.Kirk,ARI,WR,00-0034775
2018,reg,Christian McCaffrey,C.McCaffrey,CAR,RB,00-0033280
2018,reg,Christine Michael,C.Michael,IND,RB,00-0030432
2018,reg,Cody Core,C.Core,CIN,WR,00-0032795
2018,reg,Cody Kessler,C.Kessler,JAX,QB,00-0033104
2018,reg,Cody Latimer,C.Latimer,NYG,WR,00-0031344
2018,reg,Cole Beasley,C.Beasley,DAL,WR,00-0029000
2018,reg,Colt McCoy,C.McCoy,WAS,QB,00-0027688
2018,reg,Cooper Kupp,C.Kupp,LA,WR,00-0033908
2018,reg,Cordarrelle Patterson,C.Patterson,NE,WR,00-0030578
2018,reg,Corey Clement,C.Clement,PHI,RB,00-0033725
2018,reg,Corey Coleman,C.Coleman,NYG,WR,00-0032966
2018,reg,Corey Davis,C.Davis,TEN,WR,00-0033871
2018,reg,Corey Grant,C.Grant,JAX,RB,00-0031731
2018,reg,Courtland Sutton,C.Sutton,DEN,WR,00-0034348
2018,reg,Curtis Samuel,C.Samuel,CAR,WR,00-0033282
2018,reg,D.J. Chark,D.Chark,JAX,WR,00-0034777
2018,reg,D.J. Moore,D.Moore,CAR,WR,00-0034827
2018,reg,D'Onta Foreman,D.Foreman,HOU,RB,00-0033925
2018,reg,DaeSean Hamilton,D.Hamilton,DEN,WR,00-0034370
2018,reg,Dak Prescott,D.Prescott,DAL,QB,00-0033077
2018,reg,Dallas Goedert,D.Goedert,PHI,TE,00-0034351
2018,reg,Dalton Schultz,D.Schultz,DAL,TE,00-0034383
2018,reg,Dalvin Cook,D.Cook,MIN,RB,00-0033893
2018,reg,Damien Williams,D.Williams,KC,RB,00-0030874
2018,reg,Damiere Byrd,D.Byrd,CAR,WR,00-0031868
2018,reg,Damion Ratley,D.Ratley,CLE,WR,00-0034273
2018,reg,Dan Arnold,D.Arnold,NO,TE,00-0034011
2018,reg,Danny Amendola,D.Amendola,MIA,WR,00-0026035
2018,reg,Dante Pettis,D.Pettis,SF,WR,00-0034860
2018,reg,Darius Jackson,D.Jackson,DAL,RB,00-0033049
2018,reg,Darius Jennings,D.Jennings,TEN,WR,00-0031972
2018,reg,Darrel Williams,D.Williams,KC,RB,00-0034301
2018,reg,Darrell Daniels,D.Daniels,ARI,TE,00-0033258
2018,reg,Darren Fells,D.Fells,CLE,TE,00-0029738
2018,reg,Darren Sproles,D.Sproles,PHI,RB,00-0023564
2018,reg,Darren Waller,D.Waller,OAK,TE,00-0031610
2018,reg,Darrius Heyward-Bey,D.Heyward-Bey,PIT,WR,00-0026983
2018,reg,Darvin Kidsy,D.Kidsy,WAS,WR,00-0034710
2018,reg,Davante Adams,D.Adams,GB,WR,00-0031381
2018,reg,Dave Williams,D.Williams,JAX,RB,00-0034427
2018,reg,David Fluellen,D.Fluellen,TEN,RB,00-0030711
2018,reg,David Grinnage,D.Grinnage,JAX,TE,00-0032634
2018,reg,David Johnson,D.Johnson,ARI,RB,00-0032187
2018,reg,David Moore,D.Moore,SEA,WR,00-0033589
2018,reg,David Morgan,D.Morgan,MIN,TE,00-0032430
2018,reg,David Njoku,D.Njoku,CLE,TE,00-0033885
2018,reg,De'Angelo Henderson Sr.,D.Sr.,NYJ,RB,00-0033581
2018,reg,De'Anthony Thomas,D.Thomas,KC,WR,00-0031060
2018,reg,De'Lance Turner,D.Turner,BAL,RB,00-0034201
2018,reg,DeAndre Carter,D.Carter,HOU,WR,00-0031763
2018,reg,DeAndre Hopkins,D.Hopkins,HOU,WR,00-0030564
2018,reg,DeAndre Washington,D.Washington,OAK,RB,00-0032940
2018,reg,Dede Westbrook,D.Westbrook,JAX,WR,00-0033839
2018,reg,Delanie Walker,D.Walker,TEN,TE,00-0024389
2018,reg,Demarcus Robinson,D.Robinson,KC,WR,00-0032775
2018,reg,Demaryius Thomas,D.Thomas,HOU,WR,00-0027874
2018,reg,Demetrius Harris,D.Harris,KC,TE,00-0030155
2018,reg,Deontay Burnett,D.Burnett,NYJ,WR,00-0034653
2018,reg,Deonte Thompson,D.Thompson,BUF,WR,00-0029388
2018,reg,Derek Anderson,D.Anderson,BUF,QB,00-0023645
2018,reg,Derek Carr,D.Carr,OAK,QB,00-0031280
2018,reg,Derek Carrier,D.Carrier,OAK,TE,00-0029119
2018,reg,Derek Watt,D.Watt,LAC,FB,00-0032897
2018,reg,Derrick Coleman,D.Coleman,ARI,FB,00-0029068
2018,reg,Derrick Henry,D.Henry,TEN,RB,00-0032764
2018,reg,Derrick Willies,D.Willies,CLE,WR,00-0034258
2018,reg,DeSean Jackson,D.Jackson,TB,WR,00-0026189
2018,reg,Deshaun Watson,D.Watson,HOU,QB,00-0033537
2018,reg,DeShone Kizer,D.Kizer,GB,QB,00-0033899
2018,reg,Detrez Newsome,D.Newsome,LAC,RB,00-0034565
2018,reg,DeVante Parker,D.Parker,MIA,WR,00-0031547
2018,reg,Devin Funchess,D.Funchess,CAR,WR,00-0032055
2018,reg,Devonta Freeman,D.Freeman,ATL,RB,00-0031285
2018,reg,Devontae Booker,D.Booker,DEN,RB,00-0032972
2018,reg,Dion Lewis,D.Lewis,TEN,RB,00-0028087
2018,reg,Dion Sims,D.Sims,CHI,TE,00-0030422
2018,reg,Donte Moncrief,D.Moncrief,JAX,WR,00-0031339
2018,reg,Dontrelle Inman,D.Inman,IND,WR,00-0028411
2018,reg,Doug Baldwin,D.Baldwin,SEA,WR,00-0028434
2018,reg,Doug Martin,D.Martin,OAK,RB,00-0029613
2018,reg,Drew Brees,D.Brees,NO,QB,00-0020531
2018,reg,Duke Johnson,D.Johnson,CLE,RB,00-0032257
2018,reg,Durham Smythe,D.Smythe,MIA,TE,00-0034798
2018,reg,Dwayne Allen,D.Allen,NE,TE,00-0029689
2018,reg,Dwayne Harris,D.Harris,OAK,WR,00-0028114
2018,reg,Dwayne Washington,D.Washington,NO,RB,00-0032450
2018,reg,Ed Dickson,E.Dickson,SEA,TE,00-0027675
2018,reg,Eli Manning,E.Manning,NYG,QB,00-0022803
2018,reg,Eli Rogers,E.Rogers,PIT,WR,00-0031782
2018,reg,Elijah McGuire,E.McGuire,NYJ,RB,00-0033295
2018,reg,Elijhaa Penny,E.Penny,NYG,RB,00-0032813
2018,reg,Emmanuel Sanders,E.Sanders,DEN,WR,00-0027685
2018,reg,Equanimeous St. Brown,E.Brown,GB,WR,00-0034279
2018,reg,Eric Ebron,E.Ebron,IND,TE,00-0031387
2018,reg,Eric Saubert,E.Saubert,ATL,TE,00-0033576
2018,reg,Eric Tomlinson,E.Tomlinson,NYJ,TE,00-0031690
2018,reg,Erik Swoope,E.Swoope,IND,TE,00-0030854
2018,reg,Evan Engram,E.Engram,NYG,TE,00-0033881
2018,reg,Ezekiel Elliott,E.Elliott,DAL,RB,00-0033045
2018,reg,Frank Gore,F.Gore,MIA,RB,00-0023500
2018,reg,Freddie Martino,F.Martino,TB,WR,00-0030737
2018,reg,Garrett Celek,G.Celek,SF,TE,00-0028903
2018,reg,Garrett Gilbert,G.Gilbert,CAR,QB,00-0031395
2018,reg,Gehrig Dieter,G.Dieter,KC,WR,00-0033474
2018,reg,Geno Smith,G.Smith,LAC,QB,00-0030565
2018,reg,Geoff Swaim,G.Swaim,DAL,TE,00-0032141
2018,reg,George Kittle,G.Kittle,SF,TE,00-0033288
2018,reg,Gerald Everett,G.Everett,LA,TE,00-0033895
2018,reg,Geremy Davis,G.Davis,LAC,WR,00-0031953
2018,reg,Geronimo Allison,G.Allison,GB,WR,00-0032626
2018,reg,Giovani Bernard,G.Bernard,CIN,RB,00-0030456
2018,reg,Golden Tate,G.Tate,PHI,WR,00-0027891
2018,reg,Greg Olsen,G.Olsen,CAR,TE,00-0025418
2018,reg,Gus Edwards,G.Edwards,BAL,RB,00-0034184
2018,reg,Hayden Hurst,H.Hurst,BAL,TE,00-0034830
2018,reg,Ian Thomas,I.Thomas,CAR,TE,00-0034365
2018,reg,Isaiah Crowell,I.Crowell,NYJ,RB,00-0030656
2018,reg,Isaiah Ford,I.Ford,MIA,WR,00-0033471
2018,reg,Isaiah McKenzie,I.McKenzie,BUF,WR,00-0033466
2018,reg,Ito Smith,I.Smith,ATL,RB,00-0034378
2018,reg,J.D. McKissic,J.McKissic,SEA,RB,00-0032602
2018,reg,J.J. Jones,J.Jones,NYJ,WR,00-0034560
2018,reg,J.J. Nelson,J.Nelson,ARI,WR,00-0032112
2018,reg,J'Mon Moore,J.Moore,GB,WR,00-0034268
2018,reg,Jack Doyle,J.Doyle,IND,TE,00-0030181
2018,reg,Jacob Hollister,J.Hollister,NE,TE,00-0033387
2018,reg,Jacoby Brissett,J.Brissett,IND,QB,00-0033119
2018,reg,Jacquizz Rodgers,J.Rodgers,TB,RB,00-0028083
2018,reg,Jake Butt,J.Butt,DEN,TE,00-0033564
2018,reg,Jake Kumerow,J.Kumerow,GB,WR,00-0031787
2018,reg,Jakeem Grant,J.Grant,MIA,WR,00-0032791
2018,reg,Jalen Richard,J.Richard,OAK,RB,00-0033025
2018,reg,Jalen Tolliver,J.Tolliver,ARI,WR,00-0034489
2018,reg,Jamaal Charles,J.Charles,JAX,RB,00-0026213
2018,reg,Jamaal Williams,J.Williams,GB,RB,00-0033948
2018,reg,Jameis Winston,J.Winston,TB,QB,00-0031503
2018,reg,James Conner,J.Conner,PIT,RB,00-0033553
2018,reg,James Develin,J.Develin,NE,FB,00-0027925
2018,reg,James O'Shaughnessy,J.O'Shaughnessy,JAX,TE,00-0031951
2018,reg,James Washington,J.Washington,PIT,WR,00-0034676
2018,reg,James White,J.White,NE,RB,00-0031062
2018,reg,Jamison Crowder,J.Crowder,WAS,WR,00-0031941
2018,reg,Jared Cook,J.Cook,OAK,TE,00-0027061
2018,reg,Jared Goff,J.Goff,LA,QB,00-0033106
2018,reg,Jarius Wright,J.Wright,CAR,WR,00-0029572
2018,reg,Jaron Brown,J.Brown,SEA,WR,00-0030300
2018,reg,Jarvis Landry,J.Landry,CLE,WR,00-0031382
2018,reg,Jason Croom,J.Croom,BUF,TE,00-0033627
2018,reg,Javon Wims,J.Wims,CHI,WR,00-0034426
2018,reg,Javorius Allen,J.Allen,BAL,RB,00-0031577
2018,reg,Jawill Davis,J.Davis,NYG,WR,00-0034499
2018,reg,Jay Ajayi,J.Ajayi,PHI,RB,00-0031590
2018,reg,Jaylen Samuels,J.Samuels,PIT,RB,00-0034331
2018,reg,Jeff Driskel,J.Driskel,CIN,QB,00-0032436
2018,reg,Jeff Heuerman,J.Heuerman,DEN,TE,00-0032227
2018,reg,Jeff Wilson,J.Wilson,SF,RB,00-0034115
2018,reg,Jehu Chesson,J.Chesson,WAS,WR,00-0033464
2018,reg,Jeremy Hill,J.Hill,NE,RB,00-0031301
2018,reg,Jeremy Kerley,J.Kerley,BUF,WR,00-0028091
2018,reg,Jeremy Langford,J.Langford,ATL,RB,00-0031569
2018,reg,Jeremy Sprinkle,J.Sprinkle,WAS,TE,00-0033528
2018,reg,Jermaine Gresham,J.Gresham,ARI,TE,00-0027873
2018,reg,Jermaine Kearse,J.Kearse,NYJ,WR,00-0029159
2018,reg,Jerome Cunningham,J.Cunningham,DET,TE,00-0031462
2018,reg,Jesse James,J.James,PIT,TE,00-0032135
2018,reg,Jimmy Garoppolo,J.Garoppolo,SF,QB,00-0031345
2018,reg,Jimmy Graham,J.Graham,GB,TE,00-0027696
2018,reg,Joe Flacco,J.Flacco,BAL,QB,00-0026158
2018,reg,Joe Mixon,J.Mixon,CIN,RB,00-0033897
2018,reg,John Brown,J.Brown,BAL,WR,00-0031051
2018,reg,John Kelly,J.Kelly,LA,RB,00-0034808
2018,reg,John Phillips,J.Phillips,ARI,TE,00-0027139
2018,reg,John Ross,J.Ross,CIN,WR,00-0033460
2018,reg,Johnny Holton,J.Holton,OAK,WR,00-0032935
2018,reg,Johnny Mundt,J.Mundt,LA,TE,00-0033246
2018,reg,JoJo Natson,J.Natson,LA,WR,00-0033266
2018,reg,Jonathan Stewart,J.Stewart,NYG,RB,00-0026153
2018,reg,Jonnu Smith,J.Smith,TEN,TE,00-0033858
2018,reg,Jordan Akins,J.Akins,HOU,TE,00-0034364
2018,reg,Jordan Franks,J.Franks,CIN,TE,00-0034532
2018,reg,Jordan Howard,J.Howard,CHI,RB,00-0032780
2018,reg,Jordan Leggett,J.Leggett,NYJ,TE,00-0033953
2018,reg,Jordan Matthews,J.Matthews,PHI,WR,00-0031299
2018,reg,Jordan Reed,J.Reed,WAS,TE,00-0030472
2018,reg,Jordan Thomas,J.Thomas,HOU,TE,00-0034420
2018,reg,Jordan Wilkins,J.Wilkins,IND,RB,00-0034400
2018,reg,Jordy Nelson,J.Nelson,OAK,WR,00-0026176
2018,reg,Josh Adams,J.Adams,PHI,RB,00-0034457
2018,reg,Josh Allen,J.Allen,BUF,QB,00-0034857
2018,reg,Josh Bellamy,J.Bellamy,CHI,WR,00-0029319
2018,reg,Josh Doctson,J.Doctson,WAS,WR,00-0032760
2018,reg,Josh Gordon,J.Gordon,NE,WR,00-0029664
2018,reg,Josh Hill,J.Hill,NO,TE,00-0030216
2018,reg,Josh Johnson,J.Johnson,WAS,QB,00-0026300
2018,reg,Josh Malone,J.Malone,CIN,WR,00-0033859
2018,reg,Josh McCown,J.McCown,NYJ,QB,00-0021206
2018,reg,Josh Perkins,J.Perkins,PHI,TE,00-0032599
2018,reg,Josh Reynolds,J.Reynolds,LA,WR,00-0033943
2018,reg,Josh Rosen,J.Rosen,ARI,QB,00-0034343
2018,reg,Joshua Dobbs,J.Dobbs,PIT,QB,00-0033949
2018,reg,JuJu Smith-Schuster,J.Smith-Schuster,PIT,WR,00-0033857
2018,reg,Julian Edelman,J.Edelman,NE,WR,00-0027150
2018,reg,Julio Jones,J.Jones,ATL,WR,00-0027944
2018,reg,Justin Davis,J.Davis,LA,RB,00-0033760
2018,reg,Justin Hardy,J.Hardy,ATL,WR,00-0031570
2018,reg,Justin Hunter,J.Hunter,PIT,WR,00-0030521
2018,reg,Justin Jackson,J.Jackson,LAC,RB,00-0034440
2018,reg,Justin Watson,J.Watson,TB,WR,00-0034386
2018,reg,Kalen Ballage,K.Ballage,MIA,RB,00-0034799
2018,reg,Kamar Aiken,K.Aiken,PHI,WR,00-0028497
2018,reg,Kapri Bibbs,K.Bibbs,GB,RB,00-0031102
2018,reg,Kareem Hunt,K.Hunt,KC,RB,00-0033923
2018,reg,Keelan Cole,K.Cole,JAX,WR,00-0033681
2018,reg,Keenan Allen,K.Allen,LAC,WR,00-0030279
2018,reg,Keith Ford,K.Ford,BUF,RB,00-0034509
2018,reg,Keith Kirkwood,K.Kirkwood,NO,WR,00-0034317
2018,reg,Keith Smith,K.Smith,OAK,FB,00-0030968
2018,reg,Keke Coutee,K.Coutee,HOU,WR,00-0034366
2018,reg,Kelvin Benjamin,K.Benjamin,KC,WR,00-0031359
2018,reg,Kendrick Bourne,K.Bourne,SF,WR,00-0033307
2018,reg,Kenneth Dixon,K.Dixon,BAL,RB,00-0032411
2018,reg,Kenny Golladay,K.Golladay,DET,WR,00-0033932
2018,reg,Kenny Stills,K.Stills,MIA,WR,00-0030085
2018,reg,Kenyan Drake,K.Drake,MIA,RB,00-0033118
2018,reg,Keon Hatcher,K.Hatcher,OAK,WR,00-0033441
2018,reg,Kerryon Johnson,K.Johnson,DET,RB,00-0034349
2018,reg,Kevin White,K.White,CHI,WR,00-0031545
2018,reg,KhaDarel Hodge,K.Hodge,LA,WR,00-0034854
2018,reg,Khari Lee,K.Lee,BUF,TE,00-0031922
2018,reg,Kirk Cousins,K.Cousins,MIN,QB,00-0029604
2018,reg,Kyle Allen,K.Allen,CAR,QB,00-0034577
2018,reg,Kyle Juszczyk,K.Juszczyk,SF,FB,00-0029892
2018,reg,Kyle Lauletta,K.Lauletta,NYG,QB,00-0034369
2018,reg,Kyle Rudolph,K.Rudolph,MIN,TE,00-0027981
2018,reg,Lamar Jackson,L.Jackson,BAL,QB,00-0034796
2018,reg,Lamar Miller,L.Miller,HOU,RB,00-0029615
2018,reg,Lance Kendricks,L.Kendricks,GB,TE,00-0027985
2018,reg,Laquon Treadwell,L.Treadwell,MIN,WR,00-0032951
2018,reg,Larry Fitzgerald,L.Fitzgerald,ARI,WR,00-0022921
2018,reg,Latavius Murray,L.Murray,MIN,RB,00-0030513
2018,reg,Lee Smith,L.Smith,OAK,TE,00-0028097
2018,reg,LeGarrette Blount,L.Blount,DET,RB,00-0027325
2018,reg,Leonard Fournette,L.Fournette,JAX,RB,00-0033856
2018,reg,Leonte Carroo,L.Carroo,MIA,WR,00-0033060
2018,reg,LeSean McCoy,L.McCoy,BUF,RB,00-0027029
2018,reg,Levine Toilolo,L.Toilolo,DET,TE,00-0030443
2018,reg,Logan Paulsen,L.Paulsen,ATL,TE,00-0027215
2018,reg,Logan Thomas,L.Thomas,BUF,TE,00-0031260
2018,reg,Luke Stocker,L.Stocker,TEN,TE,00-0028042
2018,reg,Luke Willson,L.Willson,DET,TE,00-0030089
2018,reg,Malcolm Brown,M.Brown,LA,RB,00-0031806
2018,reg,Malik Turner,M.Turner,SEA,WR,00-0034867
2018,reg,Marcedes Lewis,M.Lewis,GB,TE,00-0024243
2018,reg,Marcell Ateman,M.Ateman,OAK,WR,00-0034747
2018,reg,Marcus Johnson,M.Johnson,IND,WR,00-0032980
2018,reg,Marcus Kemp,M.Kemp,KC,WR,00-0033481
2018,reg,Marcus Mariota,M.Mariota,TEN,QB,00-0032268
2018,reg,Marcus Murphy,M.Murphy,BUF,RB,00-0031959
2018,reg,Mark Andrews,M.Andrews,BAL,TE,00-0034753
2018,reg,Mark Ingram,M.Ingram,NO,RB,00-0027966
2018,reg,Mark Sanchez,M.Sanchez,WAS,QB,00-0026898
2018,reg,Mark Walton,M.Walton,CIN,RB,00-0034679
2018,reg,Marlon Mack,M.Mack,IND,RB,00-0033951
2018,reg,Marquez Valdes-Scantling,M.Valdes-Scantling,GB,WR,00-0034272
2018,reg,Marquise Goodwin,M.Goodwin,SF,WR,00-0030068
2018,reg,Marshawn Lynch,M.Lynch,OAK,RB,00-0025399
2018,reg,Martavis Bryant,M.Bryant,OAK,WR,00-0031373
2018,reg,Marvin Hall,M.Hall,ATL,WR,00-0033094
2018,reg,Marvin Jones,M.Jones,DET,WR,00-0029293
2018,reg,Matt Barkley,M.Barkley,BUF,QB,00-0030533
2018,reg,Matt Breida,M.Breida,SF,RB,00-0033308
2018,reg,Matt Cassel,M.Cassel,DET,QB,00-0023662
2018,reg,Matt Flanagan,M.Flanagan,WAS,TE,00-0034101
2018,reg,Matt LaCosse,M.LaCosse,DEN,TE,00-0031744
2018,reg,Matt Lengel,M.Lengel,CIN,TE,00-0031788
2018,reg,Matt Ryan,M.Ryan,ATL,QB,00-0026143
2018,reg,Matt Schaub,M.Schaub,ATL,QB,00-0022787
2018,reg,Matthew Stafford,M.Stafford,DET,QB,00-0026498
2018,reg,Maurice Harris,M.Harris,WAS,WR,00-0032362
2018,reg,Maxx Williams,M.Williams,BAL,TE,00-0031558
2018,reg,Melvin Gordon,M.Gordon,LAC,RB,00-0032144
2018,reg,Michael Crabtree,M.Crabtree,BAL,WR,00-0026986
2018,reg,Michael Floyd,M.Floyd,WAS,WR,00-0029638
2018,reg,Michael Gallup,M.Gallup,DAL,WR,00-0034764
2018,reg,Michael Roberts,M.Roberts,DET,TE,00-0033559
2018,reg,Michael Thomas,M.Thomas,NO,WR,00-0032765
2018,reg,Mike Boone,M.Boone,MIN,RB,00-0034208
2018,reg,Mike Davis,M.Davis,SEA,RB,00-0032063
2018,reg,Mike Evans,M.Evans,TB,WR,00-0031408
2018,reg,Mike Gesicki,M.Gesicki,MIA,TE,00-0034829
2018,reg,Mike Gillislee,M.Gillislee,NO,RB,00-0030433
2018,reg,Mike Glennon,M.Glennon,ARI,QB,00-0030520
2018,reg,Mike Wallace,M.Wallace,PHI,WR,00-0026901
2018,reg,Mike Williams,M.Williams,LAC,WR,00-0033536
2018,reg,Mitchell Trubisky,M.Trubisky,CHI,QB,00-0033869
2018,reg,Mo Alie-Cox,M.Alie-Cox,IND,TE,00-0033217
2018,reg,Mohamed Sanu,M.Sanu,ATL,WR,00-0029632
2018,reg,MyCole Pruitt,M.Pruitt,TEN,TE,00-0031585
2018,reg,Nate Sudfeld,N.Sudfeld,PHI,QB,00-0032792
2018,reg,Neal Sterling,N.Sterling,NYJ,TE,00-0032120
2018,reg,Nelson Agholor,N.Agholor,PHI,WR,00-0031549
2018,reg,Nick Bellore,N.Bellore,DET,FB,00-0028292
2018,reg,Nick Boyle,N.Boyle,BAL,TE,00-0031598
2018,reg,Nick Chubb,N.Chubb,CLE,RB,00-0034791
2018,reg,Nick Foles,N.Foles,PHI,QB,00-0029567
2018,reg,Nick Mullens,N.Mullens,SF,QB,00-0033319
2018,reg,Nick O'Leary,N.O'Leary,MIA,TE,00-0032117
2018,reg,Nick Vannett,N.Vannett,SEA,TE,00-0032394
2018,reg,Nick Williams,N.Williams,LA,WR,00-0029848
2018,reg,Niles Paul,N.Paul,JAX,TE,00-0028093
2018,reg,Noah Brown,N.Brown,DAL,WR,00-0033591
2018,reg,Nyheim Hines,N.Hines,IND,RB,00-0034367
2018,reg,O.J. Howard,O.Howard,TB,TE,00-0033879
2018,reg,Odell Beckham,O.Beckham,NYG,WR,00-0031235
2018,reg,Orson Charles,O.Charles,CLE,TE,00-0029414
2018,reg,Patrick DiMarco,P.DiMarco,BUF,RB,00-0028581
2018,reg,Patrick Mahomes,P.Mahomes,KC,QB,00-0033873
2018,reg,Paul Richardson,P.Richardson,WAS,WR,00-0031257
2018,reg,Peyton Barber,P.Barber,TB,RB,00-0032741
2018,reg,Philip Rivers,P.Rivers,LAC,QB,00-0022942
2018,reg,Phillip Dorsett,P.Dorsett,NE,WR,00-0032208
2018,reg,Phillip Lindsay,P.Lindsay,DEN,RB,00-0034109
2018,reg,Pierre Garcon,P.Garcon,SF,WR,00-0026345
2018,reg,Quincy Enunwa,Q.Enunwa,NYJ,WR,00-0031023
2018,reg,Raheem Mostert,R.Mostert,SF,RB,00-0031687
2018,reg,Randall Cobb,R.Cobb,GB,WR,00-0028002
2018,reg,Rashaad Penny,R.Penny,SEA,RB,00-0034750
2018,reg,Rashad Greene,R.Greene,JAX,WR,00-0032170
2018,reg,Rashard Higgins,R.Higgins,CLE,WR,00-0032977
2018,reg,Ray-Ray McCloud,R.McCloud,BUF,WR,00-0034407
2018,reg,Rex Burkhead,R.Burkhead,NE,RB,00-0030288
2018,reg,Rhett Ellison,R.Ellison,NYG,TE,00-0029587
2018,reg,Richard Rodgers,R.Rodgers,PHI,TE,00-0031384
2018,reg,Richie James,R.James,SF,WR,00-0034286
2018,reg,Ricky Seals-Jones,R.Seals-Jones,ARI,TE,00-0033611
2018,reg,Rico Gathers,R.Gathers,DAL,TE,00-0033054
2018,reg,Riley McCarron,R.McCarron,NE,WR,00-0033773
2018,reg,Rishard Matthews,R.Matthews,NYJ,WR,00-0029580
2018,reg,River Cracraft,R.Cracraft,DEN,WR,00-0034054
2018,reg,Rob Gronkowski,R.Gronkowski,NE,TE,00-0027656
2018,reg,Rob Kelley,R.Kelley,WAS,RB,00-0032371
2018,reg,Robby Anderson,R.Anderson,NYJ,WR,00-0032688
2018,reg,Robert Foster,R.Foster,BUF,WR,00-0034510
2018,reg,Robert Griffin III,R.III,BAL,QB,00-0029665
2018,reg,Robert Tonyan,R.Tonyan,GB,TE,00-0033757
2018,reg,Robert Turbin,R.Turbin,IND,RB,00-0029273
2018,reg,Robert Woods,R.Woods,LA,WR,00-0030431
2018,reg,Roc Thomas,R.Thomas,MIN,RB,00-0034221
2018,reg,Rod Smith,R.Smith,DAL,RB,00-0031900
2018,reg,Ronald Jones,R.Jones,TB,RB,00-0034816
2018,reg,Roosevelt Nix,R.Nix,PIT,FB,00-0030741
2018,reg,Ross Dwelley,R.Dwelley,SF,TE,00-0034073
2018,reg,Royce Freeman,R.Freeman,DEN,RB,00-0034838
2018,reg,Russell Gage,R.Gage,ATL,WR,00-0034411
2018,reg,Russell Shepard,R.Shepard,NYG,WR,00-0030147
2018,reg,Russell Wilson,R.Wilson,SEA,QB,00-0029263
2018,reg,Ryan Fitzpatrick,R.Fitzpatrick,TB,QB,00-0023682
2018,reg,Ryan Grant,R.Grant,IND,WR,00-0031068
2018,reg,Ryan Griffin,R.Griffin,HOU,TE,00-0030108
2018,reg,Ryan Hewitt,R.Hewitt,IND,TE,00-0030780
2018,reg,Ryan Switzer,R.Switzer,PIT,WR,00-0033562
2018,reg,Ryan Tannehill,R.Tannehill,MIA,QB,00-0029701
2018,reg,Sam Bradford,S.Bradford,ARI,QB,00-0027854
2018,reg,Sam Darnold,S.Darnold,NYJ,QB,00-0034869
2018,reg,Samaje Perine,S.Perine,WAS,RB,00-0033526
2018,reg,Sammie Coates,S.Coates,HOU,WR,00-0032166
2018,reg,Sammy Watkins,S.Watkins,KC,WR,00-0031325
2018,reg,Saquon Barkley,S.Barkley,NYG,RB,00-0034844
2018,reg,Scott Simonson,S.Simonson,NYG,TE,00-0031167
2018,reg,Sean Culkin,S.Culkin,LAC,TE,00-0033696
2018,reg,Sean Mannion,S.Mannion,LA,QB,00-0032245
2018,reg,Seth DeValve,S.DeValve,CLE,TE,00-0033080
2018,reg,Seth Roberts,S.Roberts,OAK,WR,00-0031166
2018,reg,Shaun Wilson,S.Wilson,TB,RB,00-0034621
2018,reg,Shelton Gibson,S.Gibson,PHI,WR,00-0033573
2018,reg,Sony Michel,S.Michel,NE,RB,00-0034845
2018,reg,Spencer Ware,S.Ware,KC,RB,00-0030414
2018,reg,Stefon Diggs,S.Diggs,MIN,WR,00-0031588
2018,reg,Sterling Shepard,S.Shepard,NYG,WR,00-0032385
2018,reg,Stevan Ridley,S.Ridley,PIT,RB,00-0028011
2018,reg,T.J. Jones,T.Jones,DET,WR,00-0031189
2018,reg,T.J. Logan,T.Logan,ARI,RB,00-0033789
2018,reg,T.J. Yeldon,T.Yeldon,JAX,RB,00-0032209
2018,reg,T.Y. Hilton,T.Hilton,IND,WR,00-0029608
2018,reg,Tajae Sharpe,T.Sharpe,TEN,WR,00-0032778
2018,reg,Taquan Mizzell,T.Mizzell,CHI,RB,00-0033373
2018,reg,Tarik Cohen,T.Cohen,CHI,RB,00-0033556
2018,reg,Tavon Austin,T.Austin,DAL,WR,00-0030525
2018,reg,Taylor Gabriel,T.Gabriel,CHI,WR,00-0031228
2018,reg,Taylor Heinicke,T.Heinicke,CAR,QB,00-0031800
2018,reg,Taysom Hill,T.Hill,NO,QB,00-0033357
2018,reg,Taywan Taylor,T.Taylor,TEN,WR,00-0033911
2018,reg,Ted Ginn,T.Ginn,NO,WR,00-0025396
2018,reg,Teddy Bridgewater,T.Bridgewater,NO,QB,00-0031237
2018,reg,Terrance Williams,T.Williams,DAL,WR,00-0030542
2018,reg,Terrelle Pryor,T.Pryor,BUF,WR,00-0028825
2018,reg,Tevin Coleman,T.Coleman,ATL,RB,00-0032058
2018,reg,Theo Riddick,T.Riddick,DET,RB,00-0030107
2018,reg,Tim Patrick,T.Patrick,DEN,WR,00-0033375
2018,reg,Tim White,T.White,BAL,WR,00-0033379
2018,reg,Todd Gurley,T.Gurley,LA,RB,00-0032241
2018,reg,Tom Brady,T.Brady,NE,QB,00-0019596
2018,reg,Tommy Bohanon,T.Bohanon,JAX,FB,00-0030112
2018,reg,Tommylee Lewis,T.Lewis,NO,WR,00-0032881
2018,reg,Torrey Smith,T.Smith,CAR,WR,00-0027996
2018,reg,Travaris Cadet,T.Cadet,CAR,RB,00-0029205
2018,reg,Travis Benjamin,T.Benjamin,LAC,WR,00-0029269
2018,reg,Travis Kelce,T.Kelce,KC,TE,00-0030506
2018,reg,Tre Madden,T.Madden,SEA,FB,00-0032472
2018,reg,Tre'Quan Smith,T.Smith,NO,WR,00-0034765
2018,reg,Trent Sherfield,T.Sherfield,ARI,WR,00-0034487
2018,reg,Trent Taylor,T.Taylor,SF,WR,00-0033292
2018,reg,Trenton Cannon,T.Cannon,NYJ,RB,00-0034164
2018,reg,Trey Burton,T.Burton,CHI,TE,00-0030710
2018,reg,Trey Quinn,T.Quinn,WAS,WR,00-0034339
2018,reg,Ty Montgomery,T.Montgomery,BAL,RB,00-0032200
2018,reg,Tyler Boyd,T.Boyd,CIN,WR,00-0033009
2018,reg,Tyler Conklin,T.Conklin,MIN,TE,00-0034270
2018,reg,Tyler Eifert,T.Eifert,CIN,TE,00-0030549
2018,reg,Tyler Higbee,T.Higbee,LA,TE,00-0033110
2018,reg,Tyler Kroft,T.Kroft,CIN,TE,00-0032214
2018,reg,Tyler Lockett,T.Lockett,SEA,WR,00-0032211
2018,reg,Tyreek Hill,T.Hill,KC,WR,00-0033040
2018,reg,Tyrell Williams,T.Williams,LAC,WR,00-0032160
2018,reg,Tyrod Taylor,T.Taylor,CLE,QB,00-0028118
2018,reg,Tyrone Swoopes,T.Swoopes,SEA,TE,00-0033742
2018,reg,Vance McDonald,V.McDonald,PIT,TE,00-0030470
2018,reg,Vernon Davis,V.Davis,WAS,TE,00-0024221
2018,reg,Virgil Green,V.Green,LAC,TE,00-0028142
2018,reg,Vyncint Smith,V.Smith,HOU,WR,00-0034631
2018,reg,Wayne Gallman,W.Gallman,NYG,RB,00-0033950
2018,reg,Wendell Smallwood,W.Smallwood,PHI,RB,00-0032782
2018,reg,Will Dissly,W.Dissly,SEA,TE,00-0034159
2018,reg,Will Fuller,W.Fuller,HOU,WR,00-0033127
2018,reg,Willie Snead,W.Snead,BAL,WR,00-0030663
2018,reg,Xavier Grimble,X.Grimble,PIT,TE,00-0031035
2018,reg,Zach Ertz,Z.Ertz,PHI,TE,00-0030061
2018,reg,Zach Line,Z.Line,NO,FB,00-0029931
2018,reg,Zach Pascal,Z.Pascal,IND,WR,00-0033251
2018,reg,Zach Zenner,Z.Zenner,DET,RB,00-0031665
2018,reg,Zay Jones,Z.Jones,BUF,WR,00-0033891
2017,reg,A.J. Derby,A.Derby,MIA,TE,00-0031609
2017,reg,A.J. Green,A.Green,CIN,WR,00-0027942
2017,reg,Aaron Jones,A.Jones,GB,RB,00-0033293
2017,reg,Aaron Ripkowski,A.Ripkowski,GB,FB,00-0031612
2017,reg,Aaron Rodgers,A.Rodgers,GB,QB,00-0023459
2017,reg,Adam Humphries,A.Humphries,TB,WR,00-0032009
2017,reg,Adam Shaheen,A.Shaheen,CHI,TE,00-0033896
2017,reg,Adam Thielen,A.Thielen,MIN,WR,00-0030035
2017,reg,Adrian Peterson,A.Peterson,ARI,RB,00-0025394
2017,reg,AJ McCarron,A.McCarron,CIN,QB,00-0031288
2017,reg,Akeem Hunt,A.Hunt,KC,RB,00-0031743
2017,reg,Alan Cross,A.Cross,TB,TE,00-0032745
2017,reg,Albert Wilson,A.Wilson,KC,WR,00-0030669
2017,reg,Aldrick Robinson,A.Robinson,SF,WR,00-0028116
2017,reg,Alex Collins,A.Collins,BAL,RB,00-0032426
2017,reg,Alex Erickson,A.Erickson,CIN,WR,00-0032543
2017,reg,Alex Smith,A.Smith,KC,QB,00-0023436
2017,reg,Alfred Blue,A.Blue,HOU,RB,00-0031075
2017,reg,Alfred Morris,A.Morris,DAL,RB,00-0029141
2017,reg,Allen Hurns,A.Hurns,JAX,WR,00-0030821
2017,reg,Allen Robinson,A.Robinson,JAX,WR,00-0031428
2017,reg,Alshon Jeffery,A.Jeffery,PHI,WR,00-0029137
2017,reg,Alvin Kamara,A.Kamara,NO,RB,00-0033906
2017,reg,Amara Darboh,A.Darboh,SEA,WR,00-0033937
2017,reg,Amari Cooper,A.Cooper,OAK,WR,00-0031544
2017,reg,Ameer Abdullah,A.Abdullah,DET,RB,00-0032104
2017,reg,Andre Ellington,A.Ellington,HOU,RB,00-0030287
2017,reg,Andre Holmes,A.Holmes,BUF,WR,00-0028263
2017,reg,Andre Roberts,A.Roberts,ATL,WR,00-0027691
2017,reg,Andre Williams,A.Williams,LAC,RB,00-0031055
2017,reg,Andy Dalton,A.Dalton,CIN,QB,00-0027973
2017,reg,Andy Janovich,A.Janovich,DEN,FB,00-0032956
2017,reg,Anthony Fasano,A.Fasano,MIA,TE,00-0024268
2017,reg,Anthony Sherman,A.Sherman,KC,FB,00-0028074
2017,reg,Antonio Brown,A.Brown,PIT,WR,00-0027793
2017,reg,Antonio Gates,A.Gates,LAC,TE,00-0021547
2017,reg,Antony Auclair,A.Auclair,TB,TE,00-0033421
2017,reg,ArDarius Stewart,A.Stewart,NYJ,WR,00-0033916
2017,reg,Arrelious Benn,A.Benn,JAX,WR,00-0027654
2017,reg,Austin Ekeler,A.Ekeler,LAC,RB,00-0033699
2017,reg,Austin Hooper,A.Hooper,ATL,TE,00-0032392
2017,reg,Austin Seferian-Jenkins,A.Seferian-Jenkins,NYJ,TE,00-0031418
2017,reg,Austin Traylor,A.Traylor,DEN,TE,00-0033043
2017,reg,Ben Koyack,B.Koyack,JAX,TE,00-0032139
2017,reg,Ben Roethlisberger,B.Roethlisberger,PIT,QB,00-0022924
2017,reg,Benjamin Watson,B.Watson,BAL,TE,00-0022943
2017,reg,Bennie Fowler,B.Fowler,DEN,WR,00-0030670
2017,reg,Benny Cunningham,B.Cunningham,CHI,RB,00-0029795
2017,reg,Bilal Powell,B.Powell,NYJ,RB,00-0028064
2017,reg,Blaine Gabbert,B.Gabbert,ARI,QB,00-0027948
2017,reg,Blake Bell,B.Bell,MIN,TE,00-0032062
2017,reg,Blake Bortles,B.Bortles,JAX,QB,00-0031407
2017,reg,Bobby Rainey,B.Rainey,BAL,RB,00-0029384
2017,reg,Bobo Wilson,B.Wilson,TB,WR,00-0033434
2017,reg,Branden Oliver,B.Oliver,LAC,RB,00-0031277
2017,reg,Brandin Cooks,B.Cooks,NE,WR,00-0031236
2017,reg,Brandon Bolden,B.Bolden,NE,RB,00-0029239
2017,reg,Brandon Coleman,B.Coleman,NO,WR,00-0030801
2017,reg,Brandon LaFell,B.LaFell,CIN,WR,00-0027681
2017,reg,Brandon Marshall,B.Marshall,NYG,WR,00-0024334
2017,reg,Brandon Tate,B.Tate,BUF,WR,00-0027057
2017,reg,Brandon Williams,B.Williams,IND,TE,00-0029793
2017,reg,Braxton Miller,B.Miller,HOU,WR,00-0033069
2017,reg,Brent Celek,B.Celek,PHI,TE,00-0025549
2017,reg,Brenton Bersin,B.Bersin,CAR,WR,00-0029394
2017,reg,Breshad Perriman,B.Perriman,BAL,WR,00-0032054
2017,reg,Brett Hundley,B.Hundley,GB,QB,00-0031589
2017,reg,Brian Hill,B.Hill,CIN,RB,00-0033567
2017,reg,Brian Hoyer,B.Hoyer,NE,QB,00-0026625
2017,reg,Brian Quick,B.Quick,WAS,WR,00-0029640
2017,reg,Brice Butler,B.Butler,DAL,WR,00-0030516
2017,reg,Brittan Golden,B.Golden,ARI,WR,00-0029336
2017,reg,Brock Osweiler,B.Osweiler,DEN,QB,00-0029682
2017,reg,Bronson Hill,B.Hill,ARI,RB,00-0032298
2017,reg,Bruce Ellington,B.Ellington,HOU,WR,00-0031326
2017,reg,Bryce Petty,B.Petty,NYJ,QB,00-0031568
2017,reg,Byron Marshall,B.Marshall,WAS,RB,00-0032964
2017,reg,C.J. Anderson,C.Anderson,DEN,RB,00-0029854
2017,reg,C.J. Beathard,C.Beathard,SF,QB,00-0033936
2017,reg,C.J. Fiedorowicz,C.Fiedorowicz,HOU,TE,00-0031302
2017,reg,C.J. Ham,C.Ham,MIN,RB,00-0032918
2017,reg,C.J. Prosise,C.Prosise,SEA,RB,00-0032393
2017,reg,C.J. Spiller,C.Spiller,KC,RB,00-0027861
2017,reg,C.J. Uzomah,C.Uzomah,CIN,TE,00-0032134
2017,reg,Cam Newton,C.Newton,CAR,QB,00-0027939
2017,reg,Cameron Artis-Payne,C.Artis-Payne,CAR,RB,00-0031599
2017,reg,Cameron Brate,C.Brate,TB,TE,00-0031273
2017,reg,Carlos Hyde,C.Hyde,SF,RB,00-0031045
2017,reg,Carson Palmer,C.Palmer,ARI,QB,00-0021429
2017,reg,Carson Wentz,C.Wentz,PHI,QB,00-0032950
2017,reg,Case Keenum,C.Keenum,MIN,QB,00-0028986
2017,reg,Cethan Carter,C.Carter,CIN,TE,00-0033338
2017,reg,Chad Hansen,C.Hansen,NYJ,WR,00-0033840
2017,reg,Chad Henne,C.Henne,JAX,QB,00-0026197
2017,reg,Chad Williams,C.Williams,ARI,WR,00-0033933
2017,reg,Charcandrick West,C.West,KC,RB,00-0030668
2017,reg,Charles Clay,C.Clay,BUF,TE,00-0028112
2017,reg,Charles Sims,C.Sims,TB,RB,00-0031390
2017,reg,Charone Peake,C.Peake,NYJ,WR,00-0032959
2017,reg,Chester Rogers,C.Rogers,IND,WR,00-0032355
2017,reg,Chris Carson,C.Carson,SEA,RB,00-0033594
2017,reg,Chris Conley,C.Conley,KC,WR,00-0032128
2017,reg,Chris Godwin,C.Godwin,TB,WR,00-0033921
2017,reg,Chris Hogan,C.Hogan,NE,WR,00-0028237
2017,reg,Chris Ivory,C.Ivory,JAX,RB,00-0027531
2017,reg,Chris Johnson,C.Johnson,ARI,RB,00-0026164
2017,reg,Chris Manhertz,C.Manhertz,CAR,TE,00-0031484
2017,reg,Chris Matthews,C.Matthews,BAL,WR,00-0028702
2017,reg,Chris Moore,C.Moore,BAL,WR,00-0032398
2017,reg,Chris Thompson,C.Thompson,HOU,WR,00-0033855
2017,reg,Chris Thompson,C.Thompson,WAS,RB,00-0030404
2017,reg,Christian McCaffrey,C.McCaffrey,CAR,RB,00-0033280
2017,reg,Clive Walford,C.Walford,OAK,TE,00-0032256
2017,reg,Cobi Hamilton,C.Hamilton,HOU,WR,00-0030290
2017,reg,Coby Fleener,C.Fleener,NO,TE,00-0029697
2017,reg,Cody Core,C.Core,CIN,WR,00-0032795
2017,reg,Cody Kessler,C.Kessler,CLE,QB,00-0033104
2017,reg,Cody Latimer,C.Latimer,DEN,WR,00-0031344
2017,reg,Cole Beasley,C.Beasley,DAL,WR,00-0029000
2017,reg,Cole Hikutini,C.Hikutini,SF,TE,00-0033315
2017,reg,Cooper Kupp,C.Kupp,LA,WR,00-0033908
2017,reg,Cooper Rush,C.Rush,DAL,QB,00-0033662
2017,reg,Cordarrelle Patterson,C.Patterson,OAK,WR,00-0030578
2017,reg,Corey Clement,C.Clement,PHI,RB,00-0033725
2017,reg,Corey Coleman,C.Coleman,CLE,WR,00-0032966
2017,reg,Corey Davis,C.Davis,TEN,WR,00-0033871
2017,reg,Corey Grant,C.Grant,JAX,RB,00-0031731
2017,reg,Curtis Samuel,C.Samuel,CAR,WR,00-0033282
2017,reg,D.J. Foster,D.Foster,ARI,RB,00-0032577
2017,reg,D'Onta Foreman,D.Foreman,HOU,RB,00-0033925
2017,reg,Dak Prescott,D.Prescott,DAL,QB,00-0033077
2017,reg,Dalvin Cook,D.Cook,MIN,RB,00-0033893
2017,reg,Damien Williams,D.Williams,MIA,RB,00-0030874
2017,reg,Damiere Byrd,D.Byrd,CAR,WR,00-0031868
2017,reg,Daniel Brown,D.Brown,CHI,TE,00-0032098
2017,reg,Danny Amendola,D.Amendola,NE,WR,00-0026035
2017,reg,Danny Woodhead,D.Woodhead,BAL,RB,00-0026019
2017,reg,Darius Powe,D.Powe,NYG,WR,00-0032656
2017,reg,Darrell Daniels,D.Daniels,IND,TE,00-0033258
2017,reg,Darren Fells,D.Fells,DET,TE,00-0029738
2017,reg,Darren McFadden,D.McFadden,DAL,RB,00-0026144
2017,reg,Darren Sproles,D.Sproles,PHI,RB,00-0023564
2017,reg,Darrius Heyward-Bey,D.Heyward-Bey,PIT,WR,00-0026983
2017,reg,Davante Adams,D.Adams,GB,WR,00-0031381
2017,reg,David Fales,D.Fales,MIA,QB,00-0031076
2017,reg,David Fluellen,D.Fluellen,TEN,RB,00-0030711
2017,reg,David Johnson,D.Johnson,ARI,RB,00-0032187
2017,reg,David Morgan,D.Morgan,MIN,TE,00-0032430
2017,reg,David Njoku,D.Njoku,CLE,TE,00-0033885
2017,reg,De'Angelo Henderson Sr.,D.Sr.,DEN,RB,00-0033581
2017,reg,De'Anthony Thomas,D.Thomas,KC,WR,00-0031060
2017,reg,DeAndre Hopkins,D.Hopkins,HOU,WR,00-0030564
2017,reg,DeAndre Washington,D.Washington,OAK,RB,00-0032940
2017,reg,DeAndrew White,D.White,HOU,WR,00-0031511
2017,reg,Dede Westbrook,D.Westbrook,JAX,WR,00-0033839
2017,reg,Delanie Walker,D.Walker,TEN,TE,00-0024389
2017,reg,DeMarco Murray,D.Murray,TEN,RB,00-0028009
2017,reg,Demarcus Robinson,D.Robinson,KC,WR,00-0032775
2017,reg,Demaryius Thomas,D.Thomas,DEN,WR,00-0027874
2017,reg,Demetrius Harris,D.Harris,KC,TE,00-0030155
2017,reg,Deonte Thompson,D.Thompson,BUF,WR,00-0029388
2017,reg,Derek Anderson,D.Anderson,CAR,QB,00-0023645
2017,reg,Derek Carr,D.Carr,OAK,QB,00-0031280
2017,reg,Derek Carrier,D.Carrier,LA,TE,00-0029119
2017,reg,Derek Watt,D.Watt,LAC,FB,00-0032897
2017,reg,Derrick Coleman,D.Coleman,ATL,FB,00-0029068
2017,reg,Derrick Henry,D.Henry,TEN,RB,00-0032764
2017,reg,DeSean Jackson,D.Jackson,TB,WR,00-0026189
2017,reg,Deshaun Watson,D.Watson,HOU,QB,00-0033537
2017,reg,DeShone Kizer,D.Kizer,CLE,QB,00-0033899
2017,reg,Devante Mays,D.Mays,GB,RB,00-0033304
2017,reg,DeVante Parker,D.Parker,MIA,WR,00-0031547
2017,reg,Devin Funchess,D.Funchess,CAR,WR,00-0032055
2017,reg,Devonta Freeman,D.Freeman,ATL,RB,00-0031285
2017,reg,Devontae Booker,D.Booker,DEN,RB,00-0032972
2017,reg,Dez Bryant,D.Bryant,DAL,WR,00-0027902
2017,reg,Dion Lewis,D.Lewis,NE,RB,00-0028087
2017,reg,Dion Sims,D.Sims,CHI,TE,00-0030422
2017,reg,Donte Moncrief,D.Moncrief,IND,WR,00-0031339
2017,reg,Dontrelle Inman,D.Inman,CHI,WR,00-0028411
2017,reg,Doug Baldwin,D.Baldwin,SEA,WR,00-0028434
2017,reg,Doug Martin,D.Martin,TB,RB,00-0029613
2017,reg,Drew Brees,D.Brees,NO,QB,00-0020531
2017,reg,Drew Stanton,D.Stanton,ARI,QB,00-0025430
2017,reg,Duke Johnson,D.Johnson,CLE,RB,00-0032257
2017,reg,Dwayne Allen,D.Allen,NE,TE,00-0029689
2017,reg,Dwayne Washington,D.Washington,DET,RB,00-0032450
2017,reg,Ed Dickson,E.Dickson,CAR,TE,00-0027675
2017,reg,Ed Eagan,E.Eagan,NYG,WR,00-0032705
2017,reg,Eddie Lacy,E.Lacy,SEA,RB,00-0030485
2017,reg,EJ Manuel,E.Manuel,OAK,QB,00-0030526
2017,reg,Eli Manning,E.Manning,NYG,QB,00-0022803
2017,reg,Eli Rogers,E.Rogers,PIT,WR,00-0031782
2017,reg,Elijah McGuire,E.McGuire,NYJ,RB,00-0033295
2017,reg,Elijhaa Penny,E.Penny,ARI,RB,00-0032813
2017,reg,Emanuel Byrd,E.Byrd,GB,TE,00-0033514
2017,reg,Emmanuel Sanders,E.Sanders,DEN,WR,00-0027685
2017,reg,Eric Decker,E.Decker,TEN,WR,00-0027690
2017,reg,Eric Ebron,E.Ebron,DET,TE,00-0031387
2017,reg,Eric Tomlinson,E.Tomlinson,NYJ,TE,00-0031690
2017,reg,Eric Weems,E.Weems,TEN,WR,00-0024535
2017,reg,Evan Engram,E.Engram,NYG,TE,00-0033881
2017,reg,Ezekiel Elliott,E.Elliott,DAL,RB,00-0033045
2017,reg,Fitzgerald Toussaint,F.Toussaint,PIT,RB,00-0031332
2017,reg,Fozzy Whittaker,F.Whittaker,CAR,RB,00-0029731
2017,reg,Frank Gore,F.Gore,IND,RB,00-0023500
2017,reg,Freddie Martino,F.Martino,TB,WR,00-0030737
2017,reg,Gabe Holmes,G.Holmes,ARI,TE,00-0031884
2017,reg,Garrett Celek,G.Celek,SF,TE,00-0028903
2017,reg,Garrett Griffin,G.Griffin,NO,TE,00-0033095
2017,reg,Geno Smith,G.Smith,NYG,QB,00-0030565
2017,reg,Geoff Swaim,G.Swaim,DAL,TE,00-0032141
2017,reg,George Kittle,G.Kittle,SF,TE,00-0033288
2017,reg,Gerald Everett,G.Everett,LA,TE,00-0033895
2017,reg,Geronimo Allison,G.Allison,GB,WR,00-0032626
2017,reg,Giovani Bernard,G.Bernard,CIN,RB,00-0030456
2017,reg,Golden Tate,G.Tate,DET,WR,00-0027891
2017,reg,Greg Olsen,G.Olsen,CAR,TE,00-0025418
2017,reg,Griff Whalen,G.Whalen,BAL,WR,00-0029033
2017,reg,Harry Douglas,H.Douglas,TEN,WR,00-0026224
2017,reg,Hunter Henry,H.Henry,LAC,TE,00-0033090
2017,reg,Hunter Sharp,H.Sharp,NYG,WR,00-0032839
2017,reg,Ifeanyi Momah,I.Momah,ARI,TE,00-0029740
2017,reg,Isaac Whitney,I.Whitney,OAK,WR,00-0033449
2017,reg,Isaiah Crowell,I.Crowell,CLE,RB,00-0030656
2017,reg,Isaiah McKenzie,I.McKenzie,DEN,WR,00-0033466
2017,reg,J.D. McKissic,J.McKissic,SEA,RB,00-0032602
2017,reg,J.J. Nelson,J.Nelson,ARI,WR,00-0032112
2017,reg,Jack Doyle,J.Doyle,IND,TE,00-0030181
2017,reg,Jacob Hollister,J.Hollister,NE,TE,00-0033387
2017,reg,Jacoby Brissett,J.Brissett,IND,QB,00-0033119
2017,reg,Jacquizz Rodgers,J.Rodgers,TB,RB,00-0028083
2017,reg,Jaelen Strong,J.Strong,JAX,WR,00-0031560
2017,reg,Jake Rudock,J.Rudock,DET,QB,00-0032431
2017,reg,Jakeem Grant,J.Grant,MIA,WR,00-0032791
2017,reg,Jalen Richard,J.Richard,OAK,RB,00-0033025
2017,reg,Jamaal Charles,J.Charles,DEN,RB,00-0026213
2017,reg,Jamaal Williams,J.Williams,GB,RB,00-0033948
2017,reg,Jameis Winston,J.Winston,TB,QB,00-0031503
2017,reg,James Conner,J.Conner,PIT,RB,00-0033553
2017,reg,James Hanna,J.Hanna,DAL,TE,00-0029634
2017,reg,James O'Shaughnessy,J.O'Shaughnessy,JAX,TE,00-0031951
2017,reg,James White,J.White,NE,RB,00-0031062
2017,reg,Jamison Crowder,J.Crowder,WAS,WR,00-0031941
2017,reg,Jamize Olawale,J.Olawale,OAK,FB,00-0029492
2017,reg,Jared Abbrederis,J.Abbrederis,DET,WR,00-0031021
2017,reg,Jared Cook,J.Cook,OAK,TE,00-0027061
2017,reg,Jared Goff,J.Goff,LA,QB,00-0033106
2017,reg,Jarius Wright,J.Wright,MIN,WR,00-0029572
2017,reg,Jaron Brown,J.Brown,ARI,WR,00-0030300
2017,reg,Jarvis Landry,J.Landry,MIA,WR,00-0031382
2017,reg,Jason Witten,J.Witten,DAL,TE,00-0022127
2017,reg,Javorius Allen,J.Allen,BAL,RB,00-0031577
2017,reg,Jay Ajayi,J.Ajayi,PHI,RB,00-0031590
2017,reg,Jay Cutler,J.Cutler,MIA,QB,00-0024226
2017,reg,Jaydon Mickens,J.Mickens,JAX,WR,00-0033006
2017,reg,Jeff Cumberland,J.Cumberland,LAC,TE,00-0027321
2017,reg,Jeff Heuerman,J.Heuerman,DEN,TE,00-0032227
2017,reg,Jeff Janis,J.Janis,GB,WR,00-0031001
2017,reg,Jehu Chesson,J.Chesson,KC,WR,00-0033464
2017,reg,Jerell Adams,J.Adams,NYG,TE,00-0032429
2017,reg,Jeremy Hill,J.Hill,CIN,RB,00-0031301
2017,reg,Jeremy Kerley,J.Kerley,NYJ,WR,00-0028091
2017,reg,Jeremy Maclin,J.Maclin,BAL,WR,00-0026995
2017,reg,Jeremy Sprinkle,J.Sprinkle,WAS,TE,00-0033528
2017,reg,Jerick McKinnon,J.McKinnon,MIN,RB,00-0031376
2017,reg,Jermaine Gresham,J.Gresham,ARI,TE,00-0027873
2017,reg,Jermaine Kearse,J.Kearse,NYJ,WR,00-0029159
2017,reg,Jesse James,J.James,PIT,TE,00-0032135
2017,reg,Jimmy Garoppolo,J.Garoppolo,SF,QB,00-0031345
2017,reg,Jimmy Graham,J.Graham,SEA,TE,00-0027696
2017,reg,Joe Callahan,J.Callahan,GB,QB,00-0032630
2017,reg,Joe Flacco,J.Flacco,BAL,QB,00-0026158
2017,reg,Joe Mixon,J.Mixon,CIN,RB,00-0033897
2017,reg,Joe Webb,J.Webb,BUF,QB,00-0027796
2017,reg,John Brown,J.Brown,ARI,WR,00-0031051
2017,reg,John Kuhn,J.Kuhn,NO,FB,00-0022999
2017,reg,John Ross,J.Ross,CIN,WR,00-0033460
2017,reg,Johnny Holton,J.Holton,OAK,WR,00-0032935
2017,reg,JoJo Natson,J.Natson,NYJ,WR,00-0033266
2017,reg,Jonathan Stewart,J.Stewart,CAR,RB,00-0026153
2017,reg,Jonnu Smith,J.Smith,TEN,TE,00-0033858
2017,reg,Jordan Howard,J.Howard,CHI,RB,00-0032780
2017,reg,Jordan Matthews,J.Matthews,BUF,WR,00-0031299
2017,reg,Jordan Reed,J.Reed,WAS,TE,00-0030472
2017,reg,Jordan Taylor,J.Taylor,DEN,WR,00-0031697
2017,reg,Jordy Nelson,J.Nelson,GB,WR,00-0026176
2017,reg,Josh Bellamy,J.Bellamy,CHI,WR,00-0029319
2017,reg,Josh Doctson,J.Doctson,WAS,WR,00-0032760
2017,reg,Josh Ferguson,J.Ferguson,IND,RB,00-0032377
2017,reg,Josh Gordon,J.Gordon,CLE,WR,00-0029664
2017,reg,Josh Hill,J.Hill,NO,TE,00-0030216
2017,reg,Josh Malone,J.Malone,CIN,WR,00-0033859
2017,reg,Josh McCown,J.McCown,NYJ,QB,00-0021206
2017,reg,Josh Reynolds,J.Reynolds,LA,WR,00-0033943
2017,reg,JuJu Smith-Schuster,J.Smith-Schuster,PIT,WR,00-0033857
2017,reg,Julio Jones,J.Jones,ATL,WR,00-0027944
2017,reg,Julius Thomas,J.Thomas,MIA,TE,00-0028067
2017,reg,Justin Davis,J.Davis,LA,RB,00-0033760
2017,reg,Justin Hardy,J.Hardy,ATL,WR,00-0031570
2017,reg,Justin Hunter,J.Hunter,PIT,WR,00-0030521
2017,reg,K.J. Brent,K.Brent,IND,WR,00-0032926
2017,reg,Kaelin Clay,K.Clay,CAR,WR,00-0032115
2017,reg,Kalif Raymond,K.Raymond,NYG,WR,00-0032464
2017,reg,Kamar Aiken,K.Aiken,IND,WR,00-0028497
2017,reg,Kapri Bibbs,K.Bibbs,WAS,RB,00-0031102
2017,reg,Kareem Hunt,K.Hunt,KC,RB,00-0033923
2017,reg,Kasen Williams,K.Williams,CLE,WR,00-0032250
2017,reg,Keelan Cole,K.Cole,JAX,WR,00-0033681
2017,reg,Keenan Allen,K.Allen,LAC,WR,00-0030279
2017,reg,Kellen Clemens,K.Clemens,LAC,QB,00-0024264
2017,reg,Kelvin Benjamin,K.Benjamin,BUF,WR,00-0031359
2017,reg,Kendall Wright,K.Wright,CHI,WR,00-0029708
2017,reg,Kendrick Bourne,K.Bourne,SF,WR,00-0033307
2017,reg,Kenjon Barner,K.Barner,PHI,RB,00-0030465
2017,reg,Kenny Britt,K.Britt,NE,WR,00-0027006
2017,reg,Kenny Golladay,K.Golladay,DET,WR,00-0033932
2017,reg,Kenny Stills,K.Stills,MIA,WR,00-0030085
2017,reg,Kenyan Drake,K.Drake,MIA,RB,00-0033118
2017,reg,Kerwynn Williams,K.Williams,ARI,RB,00-0030117
2017,reg,Kevin Hogan,K.Hogan,CLE,QB,00-0032784
2017,reg,Kevin White,K.White,CHI,WR,00-0031545
2017,reg,Kirk Cousins,K.Cousins,WAS,QB,00-0029604
2017,reg,Kyle Juszczyk,K.Juszczyk,SF,FB,00-0029892
2017,reg,Kyle Rudolph,K.Rudolph,MIN,TE,00-0027981
2017,reg,Lamar Miller,L.Miller,HOU,RB,00-0029615
2017,reg,Lance Dunbar,L.Dunbar,LA,RB,00-0029004
2017,reg,Lance Kendricks,L.Kendricks,GB,TE,00-0027985
2017,reg,Landry Jones,L.Jones,PIT,QB,00-0030524
2017,reg,Laquon Treadwell,L.Treadwell,MIN,WR,00-0032951
2017,reg,Larry Fitzgerald,L.Fitzgerald,ARI,WR,00-0022921
2017,reg,Larry Pinkard,L.Pinkard,JAX,WR,00-0031834
2017,reg,Latavius Murray,L.Murray,MIN,RB,00-0030513
2017,reg,Lawrence Thomas,L.Thomas,NYJ,FB,00-0032740
2017,reg,Le'Veon Bell,L.Bell,PIT,RB,00-0030496
2017,reg,Lee Smith,L.Smith,OAK,TE,00-0028097
2017,reg,LeGarrette Blount,L.Blount,PHI,RB,00-0027325
2017,reg,Leonard Fournette,L.Fournette,JAX,RB,00-0033856
2017,reg,Leonte Carroo,L.Carroo,MIA,WR,00-0033060
2017,reg,LeSean McCoy,L.McCoy,BUF,RB,00-0027029
2017,reg,LeShun Daniels,L.Daniels,WAS,RB,00-0033384
2017,reg,Levine Toilolo,L.Toilolo,ATL,TE,00-0030443
2017,reg,Logan Paulsen,L.Paulsen,SF,TE,00-0027215
2017,reg,Logan Thomas,L.Thomas,BUF,TE,00-0031260
2017,reg,Louis Murphy,L.Murphy,SF,WR,00-0027089
2017,reg,Luke Stocker,L.Stocker,TEN,TE,00-0028042
2017,reg,Luke Willson,L.Willson,SEA,TE,00-0030089
2017,reg,Mack Hollins,M.Hollins,PHI,WR,00-0033555
2017,reg,Malcolm Brown,M.Brown,LA,RB,00-0031806
2017,reg,Marcedes Lewis,M.Lewis,JAX,TE,00-0024243
2017,reg,Marcus Johnson,M.Johnson,PHI,WR,00-0032980
2017,reg,Marcus Mariota,M.Mariota,TEN,QB,00-0032268
2017,reg,Marcus Murphy,M.Murphy,BUF,RB,00-0031959
2017,reg,Mark Ingram,M.Ingram,NO,RB,00-0027966
2017,reg,Markus Wheaton,M.Wheaton,CHI,WR,00-0030460
2017,reg,Marlon Mack,M.Mack,IND,RB,00-0033951
2017,reg,Marqise Lee,M.Lee,JAX,WR,00-0031431
2017,reg,MarQueis Gray,M.Gray,MIA,TE,00-0029878
2017,reg,Marquis Bundy,M.Bundy,NYG,WR,00-0033087
2017,reg,Marquise Goodwin,M.Goodwin,SF,WR,00-0030068
2017,reg,Marshawn Lynch,M.Lynch,OAK,RB,00-0025399
2017,reg,Martavis Bryant,M.Bryant,PIT,WR,00-0031373
2017,reg,Martellus Bennett,M.Bennett,NE,TE,00-0026201
2017,reg,Marvin Hall,M.Hall,ATL,WR,00-0033094
2017,reg,Marvin Jones,M.Jones,DET,WR,00-0029293
2017,reg,Matt Breida,M.Breida,SF,RB,00-0033308
2017,reg,Matt Cassel,M.Cassel,TEN,QB,00-0023662
2017,reg,Matt Dayes,M.Dayes,CLE,RB,00-0033596
2017,reg,Matt Forte,M.Forte,NYJ,RB,00-0026184
2017,reg,Matt Jones,M.Jones,IND,RB,00-0031939
2017,reg,Matt Moore,M.Moore,MIA,QB,00-0025708
2017,reg,Matt Ryan,M.Ryan,ATL,QB,00-0026143
2017,reg,Matthew Stafford,M.Stafford,DET,QB,00-0026498
2017,reg,Maurice Harris,M.Harris,WAS,WR,00-0032362
2017,reg,Maxx Williams,M.Williams,BAL,TE,00-0031558
2017,reg,Melvin Gordon,M.Gordon,LAC,RB,00-0032144
2017,reg,Michael Burton,M.Burton,CHI,FB,00-0031595
2017,reg,Michael Campanaro,M.Campanaro,BAL,WR,00-0031025
2017,reg,Michael Clark,M.Clark,GB,WR,00-0033352
2017,reg,Michael Crabtree,M.Crabtree,OAK,WR,00-0026986
2017,reg,Michael Floyd,M.Floyd,MIN,WR,00-0029638
2017,reg,Michael Hoomanawanui,M.Hoomanawanui,NO,TE,00-0027732
2017,reg,Michael Roberts,M.Roberts,DET,TE,00-0033559
2017,reg,Michael Thomas,M.Thomas,NO,WR,00-0032765
2017,reg,Mike Davis,M.Davis,SEA,RB,00-0032063
2017,reg,Mike Evans,M.Evans,TB,WR,00-0031408
2017,reg,Mike Gillislee,M.Gillislee,NE,RB,00-0030433
2017,reg,Mike Glennon,M.Glennon,CHI,QB,00-0030520
2017,reg,Mike Thomas,M.Thomas,LA,WR,00-0033114
2017,reg,Mike Tolbert,M.Tolbert,BUF,FB,00-0026069
2017,reg,Mike Wallace,M.Wallace,BAL,WR,00-0026901
2017,reg,Mike Williams,M.Williams,LAC,WR,00-0033536
2017,reg,Mitchell Trubisky,M.Trubisky,CHI,QB,00-0033869
2017,reg,Mohamed Sanu,M.Sanu,ATL,WR,00-0029632
2017,reg,Nate Sudfeld,N.Sudfeld,PHI,QB,00-0032792
2017,reg,Nathan Peterman,N.Peterman,BUF,QB,00-0033958
2017,reg,Neal Sterling,N.Sterling,NYJ,WR,00-0032120
2017,reg,Nelson Agholor,N.Agholor,PHI,WR,00-0031549
2017,reg,Nick Boyle,N.Boyle,BAL,TE,00-0031598
2017,reg,Nick Foles,N.Foles,PHI,QB,00-0029567
2017,reg,Nick O'Leary,N.O'Leary,BUF,TE,00-0032117
2017,reg,Nick Vannett,N.Vannett,SEA,TE,00-0032394
2017,reg,Nick Williams,N.Williams,ATL,WR,00-0029848
2017,reg,Niles Paul,N.Paul,WAS,TE,00-0028093
2017,reg,Noah Brown,N.Brown,DAL,WR,00-0033591
2017,reg,O.J. Howard,O.Howard,TB,TE,00-0033879
2017,reg,Odell Beckham,O.Beckham,NYG,WR,00-0031235
2017,reg,Orleans Darkwa,O.Darkwa,NYG,RB,00-0030860
2017,reg,Orson Charles,O.Charles,KC,TE,00-0029414
2017,reg,Patrick DiMarco,P.DiMarco,BUF,FB,00-0028581
2017,reg,Patrick Mahomes,P.Mahomes,KC,QB,00-0033873
2017,reg,Paul Perkins,P.Perkins,NYG,RB,00-0032417
2017,reg,Paul Richardson,P.Richardson,SEA,WR,00-0031257
2017,reg,Paxton Lynch,P.Lynch,DEN,QB,00-0033108
2017,reg,Peyton Barber,P.Barber,TB,RB,00-0032741
2017,reg,Pharoh Cooper,P.Cooper,LA,WR,00-0033111
2017,reg,Philip Rivers,P.Rivers,LAC,QB,00-0022942
2017,reg,Phillip Dorsett,P.Dorsett,NE,WR,00-0032208
2017,reg,Phillip Supernaw,P.Supernaw,TEN,TE,00-0028987
2017,reg,Pierre Garcon,P.Garcon,SF,WR,00-0026345
2017,reg,Raheem Mostert,R.Mostert,SF,RB,00-0031687
2017,reg,Randall Cobb,R.Cobb,GB,WR,00-0028002
2017,reg,Randall Telfer,R.Telfer,CLE,TE,00-0031533
2017,reg,Rashard Higgins,R.Higgins,CLE,WR,00-0032977
2017,reg,Rex Burkhead,R.Burkhead,NE,RB,00-0030288
2017,reg,Rhett Ellison,R.Ellison,NYG,TE,00-0029587
2017,reg,Ricardo Louis,R.Louis,CLE,WR,00-0033079
2017,reg,Richard Rodgers,R.Rodgers,GB,TE,00-0031384
2017,reg,Ricky Seals-Jones,R.Seals-Jones,ARI,TE,00-0033611
2017,reg,Rishard Matthews,R.Matthews,TEN,WR,00-0029580
2017,reg,Rob Gronkowski,R.Gronkowski,NE,TE,00-0027656
2017,reg,Rob Kelley,R.Kelley,WAS,RB,00-0032371
2017,reg,Robby Anderson,R.Anderson,NYJ,WR,00-0032688
2017,reg,Robert Turbin,R.Turbin,IND,RB,00-0029273
2017,reg,Robert Woods,R.Woods,LA,WR,00-0030431
2017,reg,Rod Smith,R.Smith,DAL,RB,00-0031900
2017,reg,Roger Lewis,R.Lewis,NYG,WR,00-0032659
2017,reg,Roosevelt Nix,R.Nix,PIT,FB,00-0030741
2017,reg,Ross Travis,R.Travis,IND,TE,00-0032319
2017,reg,Russell Shepard,R.Shepard,CAR,WR,00-0030147
2017,reg,Russell Wilson,R.Wilson,SEA,QB,00-0029263
2017,reg,Ryan Fitzpatrick,R.Fitzpatrick,TB,QB,00-0023682
2017,reg,Ryan Grant,R.Grant,WAS,WR,00-0031068
2017,reg,Ryan Griffin,R.Griffin,HOU,TE,00-0030108
2017,reg,Ryan Hewitt,R.Hewitt,CIN,TE,00-0030780
2017,reg,Ryan Malleck,R.Malleck,HOU,TE,00-0032650
2017,reg,Ryan Mallett,R.Mallett,BAL,QB,00-0028012
2017,reg,Ryan Switzer,R.Switzer,DAL,WR,00-0033562
2017,reg,Sam Bradford,S.Bradford,MIN,QB,00-0027854
2017,reg,Samaje Perine,S.Perine,WAS,RB,00-0033526
2017,reg,Sammie Coates,S.Coates,CLE,WR,00-0032166
2017,reg,Sammy Watkins,S.Watkins,LA,WR,00-0031325
2017,reg,Scott Tolzien,S.Tolzien,IND,QB,00-0028595
2017,reg,Sean Mannion,S.Mannion,LA,QB,00-0032245
2017,reg,Sean McGrath,S.McGrath,LAC,TE,00-0029391
2017,reg,Senorise Perry,S.Perry,MIA,RB,00-0031209
2017,reg,Seth DeValve,S.DeValve,CLE,TE,00-0033080
2017,reg,Seth Roberts,S.Roberts,OAK,WR,00-0031166
2017,reg,Shane Vereen,S.Vereen,NYG,RB,00-0027994
2017,reg,Shelton Gibson,S.Gibson,PHI,WR,00-0033573
2017,reg,Stacy Coley,S.Coley,MIN,WR,00-0033968
2017,reg,Stefon Diggs,S.Diggs,MIN,WR,00-0031588
2017,reg,Stephen Anderson,S.Anderson,HOU,TE,00-0032725
2017,reg,Sterling Shepard,S.Shepard,NYG,WR,00-0032385
2017,reg,Stevan Ridley,S.Ridley,PIT,RB,00-0028011
2017,reg,T.J. Jones,T.Jones,DET,WR,00-0031189
2017,reg,T.J. Yates,T.Yates,HOU,QB,00-0028090
2017,reg,T.J. Yeldon,T.Yeldon,JAX,RB,00-0032209
2017,reg,T.Y. Hilton,T.Hilton,IND,WR,00-0029608
2017,reg,Tanner Gentry,T.Gentry,CHI,WR,00-0033633
2017,reg,Tanner McEvoy,T.McEvoy,SEA,WR,00-0032475
2017,reg,Tarik Cohen,T.Cohen,CHI,RB,00-0033556
2017,reg,Tavarres King,T.King,NYG,WR,00-0030091
2017,reg,Tavon Austin,T.Austin,LA,WR,00-0030525
2017,reg,Taylor Gabriel,T.Gabriel,ATL,WR,00-0031228
2017,reg,Taylor Heinicke,T.Heinicke,HOU,QB,00-0031800
2017,reg,Taywan Taylor,T.Taylor,TEN,WR,00-0033911
2017,reg,Ted Ginn,T.Ginn,NO,WR,00-0025396
2017,reg,Teddy Bridgewater,T.Bridgewater,MIN,QB,00-0031237
2017,reg,Terrance West,T.West,BAL,RB,00-0031375
2017,reg,Terrance Williams,T.Williams,DAL,WR,00-0030542
2017,reg,Terrell Watson,T.Watson,PIT,RB,00-0031793
2017,reg,Terrelle Pryor,T.Pryor,WAS,WR,00-0028825
2017,reg,Terron Ward,T.Ward,ATL,RB,00-0031682
2017,reg,Tevin Coleman,T.Coleman,ATL,RB,00-0032058
2017,reg,Theo Riddick,T.Riddick,DET,RB,00-0030107
2017,reg,Thomas Rawls,T.Rawls,SEA,RB,00-0031897
2017,reg,Tion Green,T.Green,DET,RB,00-0033748
2017,reg,Todd Gurley,T.Gurley,LA,RB,00-0032241
2017,reg,Tom Brady,T.Brady,NE,QB,00-0019596
2017,reg,Tom Savage,T.Savage,HOU,QB,00-0031064
2017,reg,Tommy Bohanon,T.Bohanon,JAX,FB,00-0030112
2017,reg,Tommylee Lewis,T.Lewis,NO,WR,00-0032881
2017,reg,Torrey Smith,T.Smith,PHI,WR,00-0027996
2017,reg,Travaris Cadet,T.Cadet,BUF,RB,00-0029205
2017,reg,Travis Benjamin,T.Benjamin,LAC,WR,00-0029269
2017,reg,Travis Kelce,T.Kelce,KC,TE,00-0030506
2017,reg,Travis Rudolph,T.Rudolph,NYG,WR,00-0033717
2017,reg,Trent Taylor,T.Taylor,SF,WR,00-0033292
2017,reg,Trevor Davis,T.Davis,GB,WR,00-0032423
2017,reg,Trevor Siemian,T.Siemian,DEN,QB,00-0032156
2017,reg,Trey Burton,T.Burton,PHI,TE,00-0030710
2017,reg,Trey Edmunds,T.Edmunds,NO,RB,00-0033838
2017,reg,Troy Niklas,T.Niklas,ARI,TE,00-0031044
2017,reg,Ty Montgomery,T.Montgomery,GB,RB,00-0032200
2017,reg,Tyler Boyd,T.Boyd,CIN,WR,00-0033009
2017,reg,Tyler Bray,T.Bray,KC,QB,00-0030151
2017,reg,Tyler Eifert,T.Eifert,CIN,TE,00-0030549
2017,reg,Tyler Ervin,T.Ervin,HOU,RB,00-0032404
2017,reg,Tyler Higbee,T.Higbee,LA,TE,00-0033110
2017,reg,Tyler Kroft,T.Kroft,CIN,TE,00-0032214
2017,reg,Tyler Lockett,T.Lockett,SEA,WR,00-0032211
2017,reg,Tyreek Hill,T.Hill,KC,WR,00-0033040
2017,reg,Tyrell Williams,T.Williams,LAC,WR,00-0032160
2017,reg,Tyrod Taylor,T.Taylor,BUF,QB,00-0028118
2017,reg,Vance McDonald,V.McDonald,PIT,TE,00-0030470
2017,reg,Vernon Davis,V.Davis,WAS,TE,00-0024221
2017,reg,Vince Mayle,V.Mayle,BAL,WR,00-0032188
2017,reg,Virgil Green,V.Green,DEN,TE,00-0028142
2017,reg,Wayne Gallman,W.Gallman,NYG,RB,00-0033950
2017,reg,Wendell Smallwood,W.Smallwood,PHI,RB,00-0032782
2017,reg,Will Fuller,W.Fuller,HOU,WR,00-0033127
2017,reg,Willie Snead,W.Snead,NO,WR,00-0030663
2017,reg,Xavier Grimble,X.Grimble,PIT,TE,00-0031035
2017,reg,Zach Ertz,Z.Ertz,PHI,TE,00-0030061
2017,reg,Zach Line,Z.Line,NO,RB,00-0029931
2017,reg,Zach Miller,Z.Miller,CHI,TE,00-0027125
2017,reg,Zach Zenner,Z.Zenner,DET,RB,00-0031665
2017,reg,Zay Jones,Z.Jones,BUF,WR,00-0033891
2011,reg,A.J. Feeley,A.Feeley,STL,QB,00-0020305
2011,reg,A.J. Green,A.Green,CIN,WR,00-0027942
2011,reg,Aaron Brown,A.Brown,DET,RB,00-0027129
2011,reg,Aaron Hernandez,A.Hernandez,NE,TE,00-0027713
2011,reg,Aaron Rodgers,A.Rodgers,GB,QB,00-0023459
2011,reg,Adrian Arrington,A.Arrington,NO,WR,00-0026377
2011,reg,Adrian Peterson,A.Peterson,MIN,RB,00-0025394
2011,reg,Ahmad Bradshaw,A.Bradshaw,NYG,RB,00-0025637
2011,reg,Ahmard Hall,A.Hall,TEN,FB,00-0024489
2011,reg,Alex Green,A.Green,GB,RB,00-0028034
2011,reg,Alex Smith,A.Smith,CLE,TE,00-0023506
2011,reg,Alex Smith,A.Smith,SF,QB,00-0023436
2011,reg,Alfonso Smith,A.Smith,ARI,RB,00-0027346
2011,reg,Allen Reisner,A.Reisner,MIN,TE,00-0028267
2011,reg,Andre Caldwell,A.Caldwell,CIN,WR,00-0026237
2011,reg,Andre Johnson,A.Johnson,HOU,WR,00-0022044
2011,reg,Andre Roberts,A.Roberts,ARI,WR,00-0027691
2011,reg,Andrew Hawkins,A.Hawkins,CIN,WR,00-0027918
2011,reg,Andrew Quarless,A.Quarless,GB,TE,00-0027753
2011,reg,Andy Dalton,A.Dalton,CIN,QB,00-0027973
2011,reg,Anquan Boldin,A.Boldin,BAL,WR,00-0022084
2011,reg,Anthony Allen,A.Allen,BAL,RB,00-0028163
2011,reg,Anthony Armstrong,A.Armstrong,WAS,WR,00-0026465
2011,reg,Anthony Becht,A.Becht,KC,TE,00-0019457
2011,reg,Anthony Dixon,A.Dixon,SF,RB,00-0027772
2011,reg,Anthony Fasano,A.Fasano,MIA,TE,00-0024268
2011,reg,Anthony Gonzalez,A.Gonzalez,IND,WR,00-0025419
2011,reg,Anthony Hill,A.Hill,IND,TE,00-0026908
2011,reg,Anthony McCoy,A.McCoy,SEA,TE,00-0027783
2011,reg,Anthony Sherman,A.Sherman,ARI,FB,00-0028074
2011,reg,Antonio Brown,A.Brown,PIT,WR,00-0027793
2011,reg,Antonio Gates,A.Gates,SD,TE,00-0021547
2011,reg,Arian Foster,A.Foster,HOU,RB,00-0026796
2011,reg,Armando Allen,A.Allen,CHI,RB,00-0028565
2011,reg,Armond Smith,A.Smith,CLE,RB,00-0028706
2011,reg,Arnaz Battle,A.Battle,PIT,WR,00-0022064
2011,reg,Arrelious Benn,A.Benn,TB,WR,00-0027654
2011,reg,Austin Collie,A.Collie,IND,WR,00-0027092
2011,reg,Austin Pettis,A.Pettis,STL,WR,00-0028016
2011,reg,Beanie Wells,B.Wells,ARI,RB,00-0027007
2011,reg,Bear Pascoe,B.Pascoe,NYG,TE,00-0026931
2011,reg,Ben Obomanu,B.Obomanu,SEA,WR,00-0024463
2011,reg,Ben Roethlisberger,B.Roethlisberger,PIT,QB,00-0022924
2011,reg,Ben Tate,B.Tate,HOU,RB,00-0027890
2011,reg,Benjamin Watson,B.Watson,CLE,TE,00-0022943
2011,reg,BenJarvus Green-Ellis,B.Green-Ellis,NE,RB,00-0025860
2011,reg,Bernard Berrian,B.Berrian,MIN,WR,00-0022807
2011,reg,Bernard Scott,B.Scott,CIN,RB,00-0026941
2011,reg,Bilal Powell,B.Powell,NYJ,RB,00-0028064
2011,reg,Billy Bajema,B.Bajema,STL,TE,00-0023679
2011,reg,Brad Smith,B.Smith,BUF,WR,00-0024318
2011,reg,Brandon Banks,B.Banks,WAS,WR,00-0027618
2011,reg,Brandon Gibson,B.Gibson,STL,WR,00-0026937
2011,reg,Brandon Jacobs,B.Jacobs,NYG,RB,00-0023545
2011,reg,Brandon LaFell,B.LaFell,CAR,WR,00-0027681
2011,reg,Brandon Lloyd,B.Lloyd,STL,WR,00-0022097
2011,reg,Brandon Marshall,B.Marshall,MIA,WR,00-0024334
2011,reg,Brandon Myers,B.Myers,OAK,TE,00-0027135
2011,reg,Brandon Pettigrew,B.Pettigrew,DET,TE,00-0026996
2011,reg,Brandon Saine,B.Saine,GB,RB,00-0028602
2011,reg,Brandon Stokley,B.Stokley,NYG,WR,00-0015754
2011,reg,Braylon Edwards,B.Edwards,SF,WR,00-0023438
2011,reg,Brent Celek,B.Celek,PHI,TE,00-0025549
2011,reg,Brett Swain,B.Swain,SF,WR,00-0026357
2011,reg,Brian Hartline,B.Hartline,MIA,WR,00-0027077
2011,reg,Brian Hoyer,B.Hoyer,NE,QB,00-0026625
2011,reg,Brian Leonard,B.Leonard,CIN,RB,00-0025439
2011,reg,Brit Miller,B.Miller,STL,FB,00-0026712
2011,reg,Brock Bolen,B.Bolen,JAC,RB,00-0026607
2011,reg,Brody Eldridge,B.Eldridge,IND,TE,00-0027761
2011,reg,Bruce Gradkowski,B.Gradkowski,CIN,QB,00-0024408
2011,reg,Bruce Miller,B.Miller,SF,FB,00-0028149
2011,reg,Bryan Walters,B.Walters,SD,WR,00-0027595
2011,reg,Bryant Johnson,B.Johnson,HOU,WR,00-0022156
2011,reg,C.J. Spiller,C.Spiller,BUF,RB,00-0027861
2011,reg,Cadillac Williams,C.Williams,STL,RB,00-0023440
2011,reg,Caleb Hanie,C.Hanie,CHI,QB,00-0025970
2011,reg,Calvin Johnson,C.Johnson,DET,WR,00-0025389
2011,reg,Cam Newton,C.Newton,CAR,QB,00-0027939
2011,reg,Cameron Morrah,C.Morrah,SEA,TE,00-0026963
2011,reg,Carlton Mitchell,C.Mitchell,CLE,WR,00-0027776
2011,reg,Carson Palmer,C.Palmer,OAK,QB,00-0021429
2011,reg,Cecil Shorts,C.Shorts,JAC,WR,00-0028052
2011,reg,Cedric Benson,C.Benson,CIN,RB,00-0023439
2011,reg,Cedric Peerman,C.Peerman,CIN,RB,00-0026932
2011,reg,Chad Hall,C.Hall,PHI,WR,00-0027188
2011,reg,Chad Henne,C.Henne,MIA,QB,00-0026197
2011,reg,Chad Johnson,C.Johnson,NE,WR,00-0020397
2011,reg,Chansi Stuckey,C.Stuckey,ARI,WR,00-0025622
2011,reg,Charlie Batch,C.Batch,PIT,QB,00-0000865
2011,reg,Charlie Whitehurst,C.Whitehurst,SEA,QB,00-0024296
2011,reg,Chase Daniel,C.Daniel,NO,QB,00-0026544
2011,reg,Chastin West,C.West,JAC,WR,00-0027441
2011,reg,Chauncey Washington,C.Washington,DAL,RB,00-0026353
2011,reg,Chaz Schilens,C.Schilens,OAK,WR,00-0026366
2011,reg,Chester Taylor,C.Taylor,ARI,RB,00-0021314
2011,reg,Chris Cooley,C.Cooley,WAS,TE,00-0022738
2011,reg,Chris Ivory,C.Ivory,NO,RB,00-0027531
2011,reg,Chris Johnson,C.Johnson,TEN,RB,00-0026164
2011,reg,Chris Ogbonnaya,C.Ogbonnaya,CLE,RB,00-0027140
2011,reg,Chris Redman,C.Redman,ATL,QB,00-0019709
2011,reg,Christian Ponder,C.Ponder,MIN,QB,00-0027950
2011,reg,Clay Harbor,C.Harbor,PHI,TE,00-0027725
2011,reg,Clyde Gates,C.Gates,MIA,WR,00-0028049
2011,reg,Colin Cloherty,C.Cloherty,JAC,TE,00-0026669
2011,reg,Colin Cochart,C.Cochart,CIN,TE,00-0028550
2011,reg,Colin Kaepernick,C.Kaepernick,SF,QB,00-0027974
2011,reg,Collin Franklin,C.Franklin,TB,TE,00-0028295
2011,reg,Colt McCoy,C.McCoy,CLE,QB,00-0027688
2011,reg,Craig Stevens,C.Stevens,TEN,TE,00-0026225
2011,reg,Curtis Brinkley,C.Brinkley,SD,RB,00-0026745
2011,reg,Curtis Painter,C.Painter,IND,QB,00-0027134
2011,reg,D.J. Ware,D.Ware,NYG,RB,00-0024559
2011,reg,D.J. Williams,D.Williams,GB,TE,00-0028079
2011,reg,Da'Rel Scott,D.Scott,NYG,RB,00-0028159
2011,reg,Dallas Clark,D.Clark,IND,TE,00-0022165
2011,reg,Damian Williams,D.Williams,TEN,WR,00-0027893
2011,reg,Dan Orlovsky,D.Orlovsky,IND,QB,00-0023578
2011,reg,Danario Alexander,D.Alexander,STL,WR,00-0027912
2011,reg,Dane Sanzenbacher,D.Sanzenbacher,CHI,WR,00-0028352
2011,reg,Daniel Fells,D.Fells,DEN,TE,00-0023752
2011,reg,Daniel Graham,D.Graham,TEN,TE,00-0021154
2011,reg,Daniel Thomas,D.Thomas,MIA,RB,00-0028000
2011,reg,Danny Amendola,D.Amendola,STL,WR,00-0026035
2011,reg,Danny Woodhead,D.Woodhead,NE,RB,00-0026019
2011,reg,Dante Rosario,D.Rosario,DEN,TE,00-0025542
2011,reg,Darrel Young,D.Young,WAS,FB,00-0026852
2011,reg,Darren McFadden,D.McFadden,OAK,RB,00-0026144
2011,reg,Darren Sproles,D.Sproles,NO,RB,00-0023564
2011,reg,Darrius Heyward-Bey,D.Heyward-Bey,OAK,WR,00-0026983
2011,reg,David Anderson,D.Anderson,WAS,WR,00-0024465
2011,reg,David Ausberry,D.Ausberry,OAK,TE,00-0028179
2011,reg,David Johnson,D.Johnson,PIT,TE,00-0026957
2011,reg,David Nelson,D.Nelson,BUF,WR,00-0027322
2011,reg,David Reed,D.Reed,BAL,WR,00-0027755
2011,reg,David Thomas,D.Thomas,NO,TE,00-0024301
2011,reg,Davone Bess,D.Bess,MIA,WR,00-0026000
2011,reg,DeAngelo Williams,D.Williams,CAR,RB,00-0024242
2011,reg,Deion Branch,D.Branch,NE,WR,00-0021192
2011,reg,Deji Karim,D.Karim,JAC,RB,00-0027779
2011,reg,Delanie Walker,D.Walker,SF,TE,00-0024389
2011,reg,Delone Carter,D.Carter,IND,RB,00-0028057
2011,reg,DeMarco Murray,D.Murray,DAL,RB,00-0028009
2011,reg,DeMarco Sampson,D.Sampson,ARI,WR,00-0028187
2011,reg,Demaryius Thomas,D.Thomas,DEN,WR,00-0027874
2011,reg,Denarius Moore,D.Moore,OAK,WR,00-0028086
2011,reg,Dennis Pitta,D.Pitta,BAL,TE,00-0027714
2011,reg,Deon Butler,D.Butler,SEA,WR,00-0027063
2011,reg,Derek Hagan,D.Hagan,BUF,WR,00-0024297
2011,reg,Derrick Mason,D.Mason,HOU,WR,00-0010500
2011,reg,Derrick Ward,D.Ward,HOU,RB,00-0022770
2011,reg,DeSean Jackson,D.Jackson,PHI,WR,00-0026189
2011,reg,Devery Henderson,D.Henderson,NO,WR,00-0022929
2011,reg,Devin Aromashodu,D.Aromashodu,MIN,WR,00-0024447
2011,reg,Devin Hester,D.Hester,CHI,WR,00-0024272
2011,reg,Devin Thomas,D.Thomas,NYG,WR,00-0026174
2011,reg,Dexter McCluster,D.McCluster,KC,RB,00-0027651
2011,reg,Dez Bryant,D.Bryant,DAL,WR,00-0027902
2011,reg,Dezmon Briscoe,D.Briscoe,TB,WR,00-0027789
2011,reg,Dion Lewis,D.Lewis,PHI,RB,00-0028087
2011,reg,Domenik Hixon,D.Hixon,NYG,WR,00-0024345
2011,reg,Dominique Byrd,D.Byrd,WAS,TE,00-0024308
2011,reg,Donald Brown,D.Brown,IND,RB,00-0027003
2011,reg,Donald Driver,D.Driver,GB,WR,00-0004541
2011,reg,Donald Jones,D.Jones,BUF,WR,00-0027518
2011,reg,Donald Lee,D.Lee,CIN,TE,00-0021929
2011,reg,Donnie Avery,D.Avery,TEN,WR,00-0026173
2011,reg,Donovan McNabb,D.McNabb,MIN,QB,00-0011022
2011,reg,Donte' Stallworth,D.Stallworth,WAS,WR,00-0021147
2011,reg,Doug Baldwin,D.Baldwin,SEA,WR,00-0028434
2011,reg,Drew Brees,D.Brees,NO,QB,00-0020531
2011,reg,DuJuan Harris,D.Harris,JAC,RB,00-0028409
2011,reg,Dustin Keller,D.Keller,NYJ,TE,00-0026170
2011,reg,Dwayne Bowe,D.Bowe,KC,WR,00-0025410
2011,reg,Earl Bennett,E.Bennett,CHI,WR,00-0026210
2011,reg,Early Doucet,E.Doucet,ARI,WR,00-0026221
2011,reg,Earnest Graham,E.Graham,TB,RB,00-0021755
2011,reg,Ed Dickson,E.Dickson,BAL,TE,00-0027675
2011,reg,Eddie Royal,E.Royal,DEN,WR,00-0026182
2011,reg,Eli Manning,E.Manning,NYG,QB,00-0022803
2011,reg,Emmanuel Arceneaux,E.Arceneaux,MIN,WR,00-0027920
2011,reg,Emmanuel Sanders,E.Sanders,PIT,WR,00-0027685
2011,reg,Eric Decker,E.Decker,DEN,WR,00-0027690
2011,reg,Eric Weems,E.Weems,ATL,WR,00-0024535
2011,reg,Evan Moore,E.Moore,CLE,TE,00-0026123
2011,reg,Evan Royster,E.Royster,WAS,RB,00-0028115
2011,reg,Felix Jones,F.Jones,DAL,RB,00-0026162
2011,reg,Frank Gore,F.Gore,SF,RB,00-0023500
2011,reg,Fred Davis,F.Davis,WAS,TE,00-0026188
2011,reg,Fred Jackson,F.Jackson,BUF,RB,00-0024204
2011,reg,Garrett Graham,G.Graham,HOU,TE,00-0027718
2011,reg,Golden Tate,G.Tate,SEA,WR,00-0027891
2011,reg,Greg Camarillo,G.Camarillo,MIN,WR,00-0023408
2011,reg,Greg Jennings,G.Jennings,GB,WR,00-0024267
2011,reg,Greg Jones,G.Jones,JAC,FB,00-0022897
2011,reg,Greg Little,G.Little,CLE,WR,00-0027997
2011,reg,Greg Olsen,G.Olsen,CAR,TE,00-0025418
2011,reg,Greg Salas,G.Salas,STL,WR,00-0028050
2011,reg,Hakeem Nicks,H.Nicks,NYG,WR,00-0027005
2011,reg,Harry Douglas,H.Douglas,ATL,WR,00-0026224
2011,reg,Heath Miller,H.Miller,PIT,TE,00-0023465
2011,reg,Hines Ward,H.Ward,PIT,WR,00-0017162
2011,reg,Isaac Redman,I.Redman,PIT,RB,00-0026566
2011,reg,J.P. Losman,J.Losman,MIA,QB,00-0022912
2011,reg,Jabar Gaffney,J.Gaffney,WAS,WR,00-0021163
2011,reg,Jackie Battle,J.Battle,KC,RB,00-0025701
2011,reg,Jacob Hester,J.Hester,SD,FB,00-0026209
2011,reg,Jacob Tamme,J.Tamme,IND,TE,00-0026267
2011,reg,Jacoby Ford,J.Ford,OAK,WR,00-0027709
2011,reg,Jacoby Jones,J.Jones,HOU,WR,00-0025460
2011,reg,Jacquizz Rodgers,J.Rodgers,ATL,RB,00-0028083
2011,reg,Jahvid Best,J.Best,DET,RB,00-0027880
2011,reg,Jake Ballard,J.Ballard,NYG,TE,00-0027259
2011,reg,Jake Delhomme,J.Delhomme,HOU,QB,00-0004161
2011,reg,Jake Locker,J.Locker,TEN,QB,00-0027946
2011,reg,Jake O'Connell,J.O'Connell,KC,TE,00-0027154
2011,reg,Jamaal Charles,J.Charles,KC,RB,00-0026213
2011,reg,James Casey,J.Casey,HOU,TE,00-0027109
2011,reg,James Jones,J.Jones,GB,WR,00-0025465
2011,reg,James Starks,J.Starks,GB,RB,00-0027791
2011,reg,Jamie Harper,J.Harper,TEN,RB,00-0028068
2011,reg,Jared Cook,J.Cook,TEN,TE,00-0027061
2011,reg,Jarett Dillard,J.Dillard,JAC,WR,00-0027105
2011,reg,Jason Avant,J.Avant,PHI,WR,00-0024324
2011,reg,Jason Campbell,J.Campbell,OAK,QB,00-0023460
2011,reg,Jason Hill,J.Hill,JAC,WR,00-0025463
2011,reg,Jason Snelling,J.Snelling,ATL,RB,00-0025631
2011,reg,Jason Witten,J.Witten,DAL,TE,00-0022127
2011,reg,Javon Ringer,J.Ringer,TEN,RB,00-0027120
2011,reg,Jay Cutler,J.Cutler,CHI,QB,00-0024226
2011,reg,Jed Collins,J.Collins,NO,FB,00-0026072
2011,reg,Jeff Cumberland,J.Cumberland,NYJ,TE,00-0027321
2011,reg,Jeff King,J.King,ARI,TE,00-0024369
2011,reg,Jeff Maehl,J.Maehl,HOU,WR,00-0028543
2011,reg,Jeremiah Johnson,J.Johnson,DEN,RB,00-0026799
2011,reg,Jeremy Horne,J.Horne,KC,WR,00-0027308
2011,reg,Jeremy Kerley,J.Kerley,NYJ,WR,00-0028091
2011,reg,Jeremy Maclin,J.Maclin,PHI,WR,00-0026995
2011,reg,Jeremy Shockey,J.Shockey,CAR,TE,00-0021148
2011,reg,Jerheme Urban,J.Urban,KC,WR,00-0021647
2011,reg,Jerious Norwood,J.Norwood,STL,RB,00-0024294
2011,reg,Jermaine Gresham,J.Gresham,CIN,TE,00-0027873
2011,reg,Jermichael Finley,J.Finley,GB,TE,00-0026231
2011,reg,Jerome Harrison,J.Harrison,DET,RB,00-0024359
2011,reg,Jerome Simpson,J.Simpson,CIN,WR,00-0026186
2011,reg,Jeron Mastrud,J.Mastrud,MIA,TE,00-0027445
2011,reg,Jerrel Jernigan,J.Jernigan,NYG,WR,00-0028021
2011,reg,Jerricho Cotchery,J.Cotchery,PIT,WR,00-0022811
2011,reg,Jesse Holley,J.Holley,DAL,WR,00-0024609
2011,reg,Jim Dray,J.Dray,ARI,TE,00-0027825
2011,reg,Jimmy Graham,J.Graham,NO,TE,00-0027696
2011,reg,Jimmy Kleinsasser,J.Kleinsasser,MIN,TE,00-0009323
2011,reg,Joe Flacco,J.Flacco,BAL,QB,00-0026158
2011,reg,Joe Hastings,J.Hastings,SF,WR,00-0028242
2011,reg,Joe McKnight,J.McKnight,NYJ,RB,00-0027712
2011,reg,Joe Webb,J.Webb,MIN,QB,00-0027796
2011,reg,Joel Dreessen,J.Dreessen,HOU,TE,00-0023630
2011,reg,John Beck,J.Beck,WAS,QB,00-0025427
2011,reg,John Clay,J.Clay,PIT,RB,00-0028208
2011,reg,John Conner,J.Conner,NYJ,FB,00-0027739
2011,reg,John Gilmore,J.Gilmore,NO,TE,00-0021304
2011,reg,John Kuhn,J.Kuhn,GB,FB,00-0022999
2011,reg,John Phillips,J.Phillips,DAL,TE,00-0027139
2011,reg,John Skelton,J.Skelton,ARI,QB,00-0027754
2011,reg,Johnny Knox,J.Knox,CHI,WR,00-0026913
2011,reg,Johnny White,J.White,BUF,RB,00-0028071
2011,reg,Jon Baldwin,J.Baldwin,KC,WR,00-0027964
2011,reg,Jon Kitna,J.Kitna,DAL,QB,00-0009311
2011,reg,Jonathan Dwyer,J.Dwyer,PIT,RB,00-0027786
2011,reg,Jonathan Stewart,J.Stewart,CAR,RB,00-0026153
2011,reg,Jordan Cameron,J.Cameron,CLE,TE,00-0028040
2011,reg,Jordan Norwood,J.Norwood,CLE,WR,00-0026739
2011,reg,Jordan Shipley,J.Shipley,CIN,WR,00-0027687
2011,reg,Jordy Nelson,J.Nelson,GB,WR,00-0026176
2011,reg,Joseph Addai,J.Addai,IND,RB,00-0024245
2011,reg,Josh Baker,J.Baker,NYJ,TE,00-0028291
2011,reg,Josh Cribbs,J.Cribbs,CLE,WR,00-0023176
2011,reg,Josh Freeman,J.Freeman,TB,QB,00-0026993
2011,reg,Josh Johnson,J.Johnson,TB,QB,00-0026300
2011,reg,Josh McCown,J.McCown,CHI,QB,00-0021206
2011,reg,Josh Morgan,J.Morgan,SF,WR,00-0026314
2011,reg,Josh Vaughan,J.Vaughan,CAR,RB,00-0026644
2011,reg,Julian Edelman,J.Edelman,NE,WR,00-0027150
2011,reg,Julio Jones,J.Jones,ATL,WR,00-0027944
2011,reg,Julius Thomas,J.Thomas,DEN,TE,00-0028067
2011,reg,Justin Forsett,J.Forsett,SEA,RB,00-0026373
2011,reg,Justin Peelle,J.Peelle,SF,TE,00-0021227
2011,reg,Kahlil Bell,K.Bell,CHI,RB,00-0026579
2011,reg,Kassim Osgood,K.Osgood,JAC,WR,00-0021570
2011,reg,Keary Colbert,K.Colbert,KC,WR,00-0022726
2011,reg,Keiland Williams,K.Williams,DET,RB,00-0027214
2011,reg,Kellen Clemens,K.Clemens,STL,QB,00-0024264
2011,reg,Kellen Davis,K.Davis,CHI,TE,00-0026298
2011,reg,Kellen Winslow,K.Winslow,TB,TE,00-0022922
2011,reg,Kendall Hunter,K.Hunter,SF,RB,00-0028053
2011,reg,Kenny Britt,K.Britt,TEN,WR,00-0027006
2011,reg,Kerry Collins,K.Collins,IND,QB,00-0003292
2011,reg,Kerry Meier,K.Meier,ATL,WR,00-0027764
2011,reg,Kevin Boss,K.Boss,OAK,TE,00-0025540
2011,reg,Kevin Brock,K.Brock,BUF,TE,00-0026699
2011,reg,Kevin Faulk,K.Faulk,NE,RB,00-0005091
2011,reg,Kevin Kolb,K.Kolb,ARI,QB,00-0025423
2011,reg,Kevin Ogletree,K.Ogletree,DAL,WR,00-0026780
2011,reg,Kevin Smith,K.Smith,DET,RB,00-0026204
2011,reg,Kevin Walter,K.Walter,HOU,WR,00-0021931
2011,reg,Knowshon Moreno,K.Moreno,DEN,RB,00-0026988
2011,reg,Kory Sperry,K.Sperry,SD,TE,00-0026757
2011,reg,Kregg Lumpkin,K.Lumpkin,TB,RB,00-0026029
2011,reg,Kris Durham,K.Durham,SEA,WR,00-0028045
2011,reg,Kyle Boller,K.Boller,OAK,QB,00-0022164
2011,reg,Kyle Orton,K.Orton,KC,QB,00-0023541
2011,reg,Kyle Rudolph,K.Rudolph,MIN,TE,00-0027981
2011,reg,Kyle Williams,K.Williams,SF,WR,00-0027608
2011,reg,LaDainian Tomlinson,L.Tomlinson,NYJ,RB,00-0020536
2011,reg,Lance Ball,L.Ball,DEN,RB,00-0026432
2011,reg,Lance Kendricks,L.Kendricks,STL,TE,00-0027985
2011,reg,Lance Moore,L.Moore,NO,WR,00-0023310
2011,reg,LaQuan Williams,L.Williams,BAL,WR,00-0028288
2011,reg,LaRod Stephens-Howling,L.Stephens-Howling,ARI,RB,00-0026956
2011,reg,Larry Fitzgerald,L.Fitzgerald,ARI,WR,00-0022921
2011,reg,Larry Johnson,L.Johnson,MIA,RB,00-0021976
2011,reg,Laurent Robinson,L.Robinson,DAL,WR,00-0025462
2011,reg,Lavelle Hawkins,L.Hawkins,TEN,WR,00-0026266
2011,reg,Lawrence Vickers,L.Vickers,HOU,FB,00-0024394
2011,reg,Le'Ron McClain,L.McClain,KC,FB,00-0025524
2011,reg,Lee Evans,L.Evans,BAL,WR,00-0022910
2011,reg,Lee Smith,L.Smith,BUF,TE,00-0028097
2011,reg,LeGarrette Blount,L.Blount,TB,RB,00-0027325
2011,reg,Legedu Naanee,L.Naanee,CAR,WR,00-0025559
2011,reg,Leon Washington,L.Washington,SEA,RB,00-0024332
2011,reg,Leonard Hankerson,L.Hankerson,WAS,WR,00-0028017
2011,reg,Leonard Pope,L.Pope,KC,TE,00-0024287
2011,reg,LeSean McCoy,L.McCoy,PHI,RB,00-0027029
2011,reg,Lex Hilliard,L.Hilliard,MIA,FB,00-0026344
2011,reg,Logan Paulsen,L.Paulsen,WAS,TE,00-0027215
2011,reg,Lorenzo Booker,L.Booker,MIN,RB,00-0025458
2011,reg,Louis Murphy,L.Murphy,OAK,WR,00-0027089
2011,reg,Luke McCown,L.McCown,JAC,QB,00-0022864
2011,reg,Luke Stocker,L.Stocker,TB,TE,00-0028042
2011,reg,Malcom Floyd,M.Floyd,SD,WR,00-0022414
2011,reg,Manase Tonga,M.Tonga,OAK,FB,00-0027412
2011,reg,Marc Mariani,M.Mariani,TEN,WR,00-0027816
2011,reg,Marcedes Lewis,M.Lewis,JAC,TE,00-0024243
2011,reg,Marcel Reece,M.Reece,OAK,FB,00-0026393
2011,reg,Mario Manningham,M.Manningham,NYG,WR,00-0026235
2011,reg,Marion Barber,M.Barber,CHI,RB,00-0023544
2011,reg,Mark Brunell,M.Brunell,NYJ,QB,00-0002110
2011,reg,Mark Clayton,M.Clayton,STL,WR,00-0023457
2011,reg,Mark Ingram,M.Ingram,NO,RB,00-0027966
2011,reg,Mark Sanchez,M.Sanchez,NYJ,QB,00-0026898
2011,reg,Marques Colston,M.Colston,NO,WR,00-0024466
2011,reg,Marshawn Lynch,M.Lynch,SEA,RB,00-0025399
2011,reg,Martellus Bennett,M.Bennett,DAL,TE,00-0026201
2011,reg,Martin Rucker,M.Rucker,JAC,TE,00-0026251
2011,reg,Matt Cassel,M.Cassel,KC,QB,00-0023662
2011,reg,Matt Flynn,M.Flynn,GB,QB,00-0026349
2011,reg,Matt Forte,M.Forte,CHI,RB,00-0026184
2011,reg,Matt Hasselbeck,M.Hasselbeck,TEN,QB,00-0007091
2011,reg,Matt Leinart,M.Leinart,HOU,QB,00-0024225
2011,reg,Matt Moore,M.Moore,MIA,QB,00-0025708
2011,reg,Matt Ryan,M.Ryan,ATL,QB,00-0026143
2011,reg,Matt Schaub,M.Schaub,HOU,QB,00-0022787
2011,reg,Matt Spaeth,M.Spaeth,CHI,TE,00-0025464
2011,reg,Matt Willis,M.Willis,DEN,WR,00-0024756
2011,reg,Matthew Mulligan,M.Mulligan,NYJ,TE,00-0026008
2011,reg,Matthew Stafford,M.Stafford,DET,QB,00-0026498
2011,reg,Maurice Jones-Drew,M.Jones-Drew,JAC,RB,00-0024275
2011,reg,Maurice Morris,M.Morris,DET,RB,00-0021182
2011,reg,Maurice Stovall,M.Stovall,DET,WR,00-0024305
2011,reg,Mewelde Moore,M.Moore,PIT,RB,00-0022217
2011,reg,Michael Bush,M.Bush,OAK,RB,00-0025487
2011,reg,Michael Clayton,M.Clayton,NYG,WR,00-0022725
2011,reg,Michael Crabtree,M.Crabtree,SF,WR,00-0026986
2011,reg,Michael Hoomanawanui,M.Hoomanawanui,STL,TE,00-0027732
2011,reg,Michael Jenkins,M.Jenkins,MIN,WR,00-0022781
2011,reg,Michael Palmer,M.Palmer,ATL,TE,00-0027202
2011,reg,Michael Robinson,M.Robinson,SEA,FB,00-0024315
2011,reg,Michael Turner,M.Turner,ATL,RB,00-0022821
2011,reg,Micheal Spurlock,M.Spurlock,TB,WR,00-0023968
2011,reg,Mike Caussin,M.Caussin,BUF,TE,00-0027500
2011,reg,Mike Higgins,M.Higgins,NO,TE,00-0028522
2011,reg,Mike Kafka,M.Kafka,PHI,QB,00-0027722
2011,reg,Mike Sellers,M.Sellers,WAS,TE,00-0014655
2011,reg,Mike Sims-Walker,M.Sims-Walker,JAC,WR,00-0025466
2011,reg,Mike Thomas,M.Thomas,JAC,WR,00-0027076
2011,reg,Mike Tolbert,M.Tolbert,SD,RB,00-0026069
2011,reg,Mike Vick,M.Vick,PHI,QB,00-0020245
2011,reg,Mike Wallace,M.Wallace,PIT,WR,00-0026901
2011,reg,Mike Williams,M.Williams,SEA,WR,00-0023452
2011,reg,Mike Williams,M.Williams,TB,WR,00-0027702
2011,reg,Miles Austin,M.Austin,DAL,WR,00-0023921
2011,reg,Mohamed Massaquoi,M.Massaquoi,CLE,WR,00-0027026
2011,reg,Montario Hardesty,M.Hardesty,CLE,RB,00-0027666
2011,reg,Montell Owens,M.Owens,JAC,RB,00-0024103
2011,reg,Mossis Madu,M.Madu,TB,RB,00-0028574
2011,reg,Naaman Roosevelt,N.Roosevelt,BUF,WR,00-0027220
2011,reg,Nate Burleson,N.Burleson,DET,WR,00-0021999
2011,reg,Nate Washington,N.Washington,TEN,WR,00-0023367
2011,reg,Nick Miller,N.Miller,STL,WR,00-0026536
2011,reg,Niles Paul,N.Paul,WAS,WR,00-0028093
2011,reg,Ovie Mughelli,O.Mughelli,ATL,FB,00-0022143
2011,reg,Owen Daniels,O.Daniels,HOU,TE,00-0024313
2011,reg,Owen Marecic,O.Marecic,CLE,FB,00-0028062
2011,reg,Owen Schmitt,O.Schmitt,PHI,FB,00-0026303
2011,reg,Patrick Crayton,P.Crayton,SD,WR,00-0022766
2011,reg,Patrick Turner,P.Turner,NYJ,WR,00-0027059
2011,reg,Percy Harvin,P.Harvin,MIN,WR,00-0026998
2011,reg,Peyton Hillis,P.Hillis,CLE,RB,00-0026367
2011,reg,Philip Rivers,P.Rivers,SD,QB,00-0022942
2011,reg,Phillip Tanner,P.Tanner,DAL,RB,00-0028613
2011,reg,Pierre Garcon,P.Garcon,IND,WR,00-0026345
2011,reg,Pierre Thomas,P.Thomas,NO,RB,00-0024813
2011,reg,Plaxico Burress,P.Burress,NYJ,WR,00-0019642
2011,reg,Preston Parker,P.Parker,TB,WR,00-0027450
2011,reg,Ramses Barden,R.Barden,NYG,WR,00-0026902
2011,reg,Randall Cobb,R.Cobb,GB,WR,00-0028002
2011,reg,Randy McMichael,R.McMichael,SD,TE,00-0021236
2011,reg,Rashard Mendenhall,R.Mendenhall,PIT,RB,00-0026163
2011,reg,Rashied Davis,R.Davis,DET,WR,00-0023429
2011,reg,Ray Rice,R.Rice,BAL,RB,00-0026195
2011,reg,Reggie Bush,R.Bush,MIA,RB,00-0024217
2011,reg,Reggie Kelly,R.Kelly,ATL,TE,00-0009119
2011,reg,Reggie Wayne,R.Wayne,IND,WR,00-0020498
2011,reg,Rex Grossman,R.Grossman,WAS,QB,00-0022121
2011,reg,Ricardo Lockette,R.Lockette,SEA,WR,00-0028442
2011,reg,Richard Bartel,R.Bartel,ARI,QB,00-0025749
2011,reg,Richard Goodman,R.Goodman,SD,WR,00-0027585
2011,reg,Richard Gordon,R.Gordon,OAK,TE,00-0028119
2011,reg,Richie Brockel,R.Brockel,CAR,TE,00-0027583
2011,reg,Ricky Williams,R.Williams,BAL,RB,00-0017915
2011,reg,Riley Cooper,R.Cooper,PHI,WR,00-0027758
2011,reg,Rob Gronkowski,R.Gronkowski,NE,TE,00-0027656
2011,reg,Rob Housler,R.Housler,ARI,TE,00-0028007
2011,reg,Robert Meachem,R.Meachem,NO,WR,00-0025414
2011,reg,Roberto Wallace,R.Wallace,MIA,WR,00-0027358
2011,reg,Rock Cartwright,R.Cartwright,OAK,RB,00-0021357
2011,reg,Roddy White,R.White,ATL,WR,00-0023462
2011,reg,Ronnie Brown,R.Brown,PHI,RB,00-0023437
2011,reg,Roscoe Parrish,R.Parrish,BUF,WR,00-0023490
2011,reg,Roy Helu,R.Helu,WAS,RB,00-0028043
2011,reg,Roy Williams,R.Williams,CHI,WR,00-0022909
2011,reg,Ruvell Martin,R.Martin,BUF,WR,00-0022421
2011,reg,Ryan Fitzpatrick,R.Fitzpatrick,BUF,QB,00-0023682
2011,reg,Ryan Grant,R.Grant,GB,RB,00-0022984
2011,reg,Ryan Mathews,R.Mathews,SD,RB,00-0027864
2011,reg,Ryan Taylor,R.Taylor,GB,TE,00-0028156
2011,reg,Ryan Torain,R.Torain,WAS,RB,00-0026279
2011,reg,Ryan Whalen,R.Whalen,CIN,WR,00-0028105
2011,reg,Sam Bradford,S.Bradford,STL,QB,00-0027854
2011,reg,Sam Hurd,S.Hurd,CHI,WR,00-0023953
2011,reg,Sammie Stroughter,S.Stroughter,TB,WR,00-0026953
2011,reg,Sammy Morris,S.Morris,DAL,RB,00-0019484
2011,reg,Santana Moss,S.Moss,WAS,WR,00-0020494
2011,reg,Santonio Holmes,S.Holmes,NYJ,WR,00-0024240
2011,reg,Scott Chandler,S.Chandler,BUF,TE,00-0025516
2011,reg,Seneca Wallace,S.Wallace,CLE,QB,00-0022055
2011,reg,Seyi Ajirotutu,S.Ajirotutu,CAR,WR,00-0027581
2011,reg,Shane Vereen,S.Vereen,NE,RB,00-0027994
2011,reg,Shaun Hill,S.Hill,DET,QB,00-0020679
2011,reg,Shonn Greene,S.Greene,NYJ,RB,00-0026899
2011,reg,Sidney Rice,S.Rice,SEA,WR,00-0025431
2011,reg,Spencer Larsen,S.Larsen,DEN,FB,00-0026323
2011,reg,Stefan Logan,S.Logan,DET,WR,00-0026491
2011,reg,Stephen Burton,S.Burton,MIN,WR,00-0028174
2011,reg,Stephen McGee,S.McGee,DAL,QB,00-0027071
2011,reg,Stephen Spach,S.Spach,STL,TE,00-0023108
2011,reg,Stevan Ridley,S.Ridley,NE,RB,00-0028011
2011,reg,Steve Breaston,S.Breaston,KC,WR,00-0025529
2011,reg,Steve Johnson,S.Johnson,BUF,WR,00-0026364
2011,reg,Steve Slaton,S.Slaton,MIA,RB,00-0026229
2011,reg,Steve Smith,S.Smith,CAR,WR,00-0020337
2011,reg,Steve Smith,S.Smith,PHI,WR,00-0025438
2011,reg,Steven Jackson,S.Jackson,STL,RB,00-0022736
2011,reg,T.J. Houshmandzadeh,T.Houshmandzadeh,OAK,WR,00-0020438
2011,reg,T.J. Yates,T.Yates,HOU,QB,00-0028090
2011,reg,Taiwan Jones,T.Jones,OAK,RB,00-0028063
2011,reg,Tandon Doss,T.Doss,BAL,WR,00-0028061
2011,reg,Tarvaris Jackson,T.Jackson,SEA,QB,00-0024279
2011,reg,Tashard Choice,T.Choice,BUF,RB,00-0026262
2011,reg,Taylor Price,T.Price,JAC,WR,00-0027693
2011,reg,Ted Ginn,T.Ginn,SF,WR,00-0025396
2011,reg,Terrance Copper,T.Copper,KC,WR,00-0022388
2011,reg,Terrence Austin,T.Austin,WAS,WR,00-0027813
2011,reg,Thomas Clayton,T.Clayton,CLE,RB,00-0025573
2011,reg,Thomas Jones,T.Jones,KC,RB,00-0019641
2011,reg,Tim Hightower,T.Hightower,WAS,RB,00-0026289
2011,reg,Tim Tebow,T.Tebow,DEN,QB,00-0027876
2011,reg,Tiquan Underwood,T.Underwood,NE,WR,00-0027156
2011,reg,Titus Young,T.Young,DET,WR,00-0027982
2011,reg,Toby Gerhart,T.Gerhart,MIN,RB,00-0027888
2011,reg,Todd Heap,T.Heap,ARI,TE,00-0020516
2011,reg,Tom Brady,T.Brady,NE,QB,00-0019596
2011,reg,Tom Brandstater,T.Brandstater,STL,QB,00-0027121
2011,reg,Tom Crabtree,T.Crabtree,GB,TE,00-0026878
2011,reg,Tony Fiammetta,T.Fiammetta,DAL,FB,00-0027093
2011,reg,Tony Gonzalez,T.Gonzalez,ATL,TE,00-0006101
2011,reg,Tony Romo,T.Romo,DAL,QB,00-0021678
2011,reg,Tony Scheffler,T.Scheffler,DET,TE,00-0024276
2011,reg,Torrey Smith,T.Smith,BAL,WR,00-0027996
2011,reg,Travis Beckum,T.Beckum,NYG,TE,00-0027070
2011,reg,Tyler Palko,T.Palko,KC,QB,00-0024812
2011,reg,Tyler Thigpen,T.Thigpen,BUF,QB,00-0025604
2011,reg,Tyrod Taylor,T.Taylor,BAL,QB,00-0028118
2011,reg,Vernon Davis,V.Davis,SF,TE,00-0024221
2011,reg,Victor Cruz,V.Cruz,NYG,WR,00-0027265
2011,reg,Vince Young,V.Young,PHI,QB,00-0024218
2011,reg,Vincent Brown,V.Brown,SD,WR,00-0028020
2011,reg,Vincent Jackson,V.Jackson,SD,WR,00-0023496
2011,reg,Virgil Green,V.Green,DEN,TE,00-0028142
2011,reg,Visanthe Shiancoe,V.Shiancoe,MIN,TE,00-0022054
2011,reg,Vonta Leach,V.Leach,BAL,FB,00-0022397
2011,reg,Wes Welker,W.Welker,NE,WR,00-0022427
2011,reg,Weslye Saunders,W.Saunders,PIT,TE,00-0028270
2011,reg,Will Heller,W.Heller,DET,TE,00-0021756
2011,reg,Will Yeatman,W.Yeatman,MIA,TE,00-0028253
2011,reg,Willis McGahee,W.McGahee,DEN,RB,00-0022178
2011,reg,Zach Miller,Z.Miller,JAC,TE,00-0027125
2011,reg,Zach Miller,Z.Miller,SEA,TE,00-0025425
2011,reg,Zach Potter,Z.Potter,JAC,TE,00-0026658
2011,reg,Zack Pianalto,Z.Pianalto,TB,TE,00-0028509
2011,reg,Blaine Gabbert,B.Gabbert,JAC,QB,00-0027948
2011,reg,Rashad Jennings,R.Jennings,JAC,QB,00-0027155
2019,reg,Kyle Allen,K.Allen,CAR,QB,00-0034577
2019,reg,Ryan Tannehill,R.Tannehill,TEN,QB,00-0029701
2019,reg,Will Greier,W.Grier,CAR,QB,00-0035251
2019,reg,Dwayne Haskins,D.Haskins,WAS,QB,00-0035232
2019,reg,Colt McCoy,C.McCoy,WAS,QB,00-0027688
2019,reg,David Blough,D.Blough,DET,QB,00-0035040
2019,reg,Kyle Sloter,K.Sloter,DET,QB,00-9826498
2019,reg,Devlin Hodges,D.Hodges,PIT,QB,00-0035577
2019,reg,Paxton Lynch,P.Lynch,PIT,QB,00-0033108
2019,reg,Brandon Allen,B.Allen,DEN,QB,00-0033467
2019,reg,Drew Lock,D.Lock,DEN,QB,00-0035704
2019,reg,Robert Griffin III,R.Griffin III,BAL,QB,00-0033376
2019,reg,N.Bawden,N.Bawden,DET,RB,00-0034433
2019,reg,Taysom Hill,T.Hill,NO,QB,00-0033357
2019,reg,TJ Yeldon,T.Yeldon,CIN,RB,00-0032209
2019,reg,Braxton Berrios,B.Berrios,NYJ,WR,00-0034419
2019,reg,Jarrod Stidham,J.Stidham,NE,QB,00-0035264
2019,reg,Jordy Nelson,J.Nelson,OAK,WR,00-0032112
2019,reg,CJ Ham,C.Ham,MIN,RB,00-0032918
2019,reg,Mike Boone,M.Boone,MIN,RB,00-0034208
2019,reg,Damien Williams,D.Williams,KC,RB,00-0034301
2019,reg,Byron Pringle,B.Pringle,KC,WR,00-0034297
2019,reg,Zach Pascal,Z.Pascal,IND,WR,00-0033251
2019,reg,Kenjon Barner,K.Barner,IND,RB,00-0030465
2019,reg,Danny Vitale,D.Vitale,GB,RB,00-0032794
2019,reg,Darius Slayton,D.Slayton,NYG,WR,00-0033589
2019,reg,Reggie Bonnafon,R.Bonnafon,CAR,RB,00-0034578
2019,reg,David Moore,D.Moore,SEA,WR,00-0033589
2019,reg,Zach Line,Z.Line,NO,FB,00-0029931
2019,reg,Jaron Brown,J.Brown,SEA,WR,00-0030300
2019,reg,Lance Kendricks,L.Kendricks,GB,TE,00-0027985
2019,reg,Ricky Seals-Jones,R.Seals-Jones,ARI,TE,00-0033611
2019,reg,Jon Hillman,J.Hillman,NYG,RB,00-0035013
2019,reg,Robert Davis,R.Davis,NYG,WR,00-0033530